-9.543108483552485977e-01,1.908502998975647180e-01,0.000000000000000000e+00,1.732053764340073455e-06
-9.543104927000004567e-01,1.908486047516751161e-01,0.000000000000000000e+00,1.732053764340073455e-06
-9.543101370447523157e-01,1.908469096057855141e-01,9.054688571085957793e-06,1.732053764340073455e-06
-9.543097813895041748e-01,1.908452144598959122e-01,9.054688571145544867e-06,1.732053764317276410e-06
-9.543094257342561448e-01,1.908435193140063102e-01,9.054688571145544867e-06,1.732053764340073455e-06
-9.543090700790080039e-01,1.908418241681167082e-01,9.054688571085957793e-06,1.732053764340073455e-06
-9.543087144237598629e-01,1.908401290222271063e-01,0.000000000000000000e+00,1.732053764340073455e-06
-9.543083587685117219e-01,1.908384338763375043e-01,0.000000000000000000e+00,1.732053764340073455e-06
-9.543080031132635810e-01,1.908367387304479024e-01,0.000000000000000000e+00,1.732053764340073455e-06
-9.543076474580154400e-01,1.908350435845583004e-01,9.054688571085957793e-06,1.732053764340073455e-06
-9.543072918027672991e-01,1.908333484386686985e-01,9.054688571145544867e-06,1.732053764317276410e-06
-9.543069361475192691e-01,1.908316532927790965e-01,9.054688571145544867e-06,1.732053764340073455e-06
-9.543065804922711282e-01,1.908299581468894945e-01,9.054688571085957793e-06,1.732053764340073455e-06
-9.543062248370229872e-01,1.908282630009998926e-01,0.000000000000000000e+00,1.732053764340073455e-06
-9.543058691817748462e-01,1.908265678551102906e-01,0.000000000000000000e+00,1.732053764340073455e-06
-9.543055135265267053e-01,1.908248727092206887e-01,9.529622371830554915e-06,1.732053764340073455e-06
-9.543051578712785643e-01,1.908231775633310867e-01,9.529622371818540600e-06,1.732053764344440545e-06
-9.543048022160305344e-01,1.908214824174414570e-01,9.529622371818540600e-06,1.732053764340073455e-06
-9.543044465607823934e-01,1.908197872715518550e-01,9.529622371830554915e-06,1.732053764340073455e-06
-9.543040909055342524e-01,1.908180921256622531e-01,0.000000000000000000e+00,1.732053764340073455e-06
-9.543037352502861115e-01,1.908163969797726511e-01,0.000000000000000000e+00,1.732053764340073455e-06
-9.543033795950379705e-01,1.908147018338830492e-01,0.000000000000000000e+00,1.732053764340073455e-06
-9.543030239397898296e-01,1.908130066879934472e-01,9.054688571085957793e-06,1.732053764340073455e-06
-9.543026682845416886e-01,1.908113115421038453e-01,9.054688571145544867e-06,1.732053764317276410e-06
-9.543023126292936587e-01,1.908096163962142433e-01,9.054688571145544867e-06,1.732053764340073455e-06
-9.543019569740455177e-01,1.908079212503246413e-01,9.054688571085957793e-06,1.732053764340073455e-06
-9.543016013187973767e-01,1.908062261044350394e-01,0.000000000000000000e+00,1.732053764340073455e-06
-9.543012456635492358e-01,1.908045309585454374e-01,0.000000000000000000e+00,1.732053764340073455e-06
-9.543008900083010948e-01,1.908028358126558355e-01,9.054688571085957793e-06,1.732053764340073455e-06
-9.543005343530529538e-01,1.908011406667662335e-01,9.054688571145544867e-06,1.732053764317276410e-06
-9.543001786978049239e-01,1.907994455208766316e-01,9.054688571145544867e-06,1.732053764340073455e-06
-9.542998230425567829e-01,1.907977503749870296e-01,9.054688571085957793e-06,1.732053764340073455e-06
-9.542994673873086420e-01,1.907960552290974277e-01,0.000000000000000000e+00,1.732053764340073455e-06
-9.542991117320605010e-01,1.907943600832078257e-01,0.000000000000000000e+00,1.732053764340073455e-06
-9.542987560768123600e-01,1.907926649373182237e-01,0.000000000000000000e+00,1.732053764340073455e-06
-9.542984004215642191e-01,1.907909697914286218e-01,9.054688571085957793e-06,1.732053764340073455e-06
-9.542980447663160781e-01,1.907892746455390198e-01,9.054688571145544867e-06,1.732053764317276410e-06
-9.542976891110680482e-01,1.907875794996494179e-01,9.054688571145544867e-06,1.732053764340073455e-06
-9.542973334558199072e-01,1.907858843537598159e-01,9.054688571085957793e-06,1.732053764340073455e-06
-9.542969778005717663e-01,1.907841892078702140e-01,0.000000000000000000e+00,1.732053764340073455e-06
-9.542966221453236253e-01,1.907824940619806120e-01,0.000000000000000000e+00,1.732053764340073455e-06
-9.542962664900754843e-01,1.907807989160910100e-01,0.000000000000000000e+00,1.732053764340073455e-06
-9.542959108348273434e-01,1.907791037702014081e-01,9.054688571085957793e-06,1.732053764340073455e-06
-9.542955551795792024e-01,1.907774086243118061e-01,9.054688571145544867e-06,1.732053764317276410e-06
-9.542951995243311725e-01,1.907757134784222042e-01,9.054688571145544867e-06,1.732053764340073455e-06
-9.542948438690830315e-01,1.907740183325326022e-01,9.054688571085957793e-06,1.732053764340073455e-06
-9.542944882138348905e-01,1.907723231866430003e-01,0.000000000000000000e+00,1.732053764340073455e-06
-9.542941325585867496e-01,1.907706280407533983e-01,0.000000000000000000e+00,1.732053764340073455e-06
-9.542937769033386086e-01,1.907689328948637963e-01,0.000000000000000000e+00,1.732053764340073455e-06
-9.542934212480904677e-01,1.907672377489741944e-01,9.529622371830554915e-06,1.732053764340073455e-06
-9.542930655928423267e-01,1.907655426030845924e-01,9.529622371818540600e-06,1.732053764344440545e-06
-9.542927099375942968e-01,1.907638474571949627e-01,9.529622371818540600e-06,1.732053764340073455e-06
-9.542923542823461558e-01,1.907621523113053608e-01,9.529622371830554915e-06,1.732053764340073455e-06
-9.542919986270980148e-01,1.907604571654157588e-01,0.000000000000000000e+00,1.732053764340073455e-06
-9.542916429718498739e-01,1.907587620195261569e-01,0.000000000000000000e+00,1.732053764340073455e-06
-9.542912873166017329e-01,1.907570668736365549e-01,9.054688571085957793e-06,1.732053764340073455e-06
-9.542909316613535919e-01,1.907553717277469529e-01,9.054688571145544867e-06,1.732053764317276410e-06
-9.542905760061055620e-01,1.907536765818573510e-01,9.054688571145544867e-06,1.732053764340073455e-06
-9.542902203508574210e-01,1.907519814359677490e-01,9.054688571085957793e-06,1.732053764340073455e-06
-9.542898646956092801e-01,1.907502862900781471e-01,0.000000000000000000e+00,1.732053764340073455e-06
-9.542895090403611391e-01,1.907485911441885451e-01,0.000000000000000000e+00,1.732053764340073455e-06
-9.542891533851129982e-01,1.907468959982989432e-01,0.000000000000000000e+00,1.732053764340073455e-06
-9.542887977298648572e-01,1.907452008524093412e-01,9.054688571085957793e-06,1.732053764340073455e-06
-9.542884420746167162e-01,1.907435057065197392e-01,9.054688571145544867e-06,1.732053764317276410e-06
-9.542880864193686863e-01,1.907418105606301373e-01,9.054688571145544867e-06,1.732053764340073455e-06
-9.542877307641205453e-01,1.907401154147405353e-01,9.054688571085957793e-06,1.732053764340073455e-06
-9.542873751088724044e-01,1.907384202688509334e-01,0.000000000000000000e+00,1.732053764340073455e-06
-9.542870194536242634e-01,1.907367251229613314e-01,0.000000000000000000e+00,1.732053764340073455e-06
-9.542866637983761224e-01,1.907350299770717295e-01,9.054688571085957793e-06,1.732053764340073455e-06
-9.542863081431279815e-01,1.907333348311821275e-01,9.054688571145544867e-06,1.732053764317276410e-06
-9.542859524878799515e-01,1.907316396852925255e-01,9.054688571145544867e-06,1.732053764340073455e-06
-9.542855968326318106e-01,1.907299445394029236e-01,9.054688571085957793e-06,1.732053764340073455e-06
-9.542852411773836696e-01,1.907282493935133216e-01,0.000000000000000000e+00,1.732053764340073455e-06
-9.542848855221355286e-01,1.907265542476237197e-01,0.000000000000000000e+00,1.732053764340073455e-06
-9.542845298668873877e-01,1.907248591017341177e-01,0.000000000000000000e+00,1.732053764340073455e-06
-9.542841742116392467e-01,1.907231639558445158e-01,9.054688571085957793e-06,1.732053764340073455e-06
-9.542838185563911058e-01,1.907214688099549138e-01,9.054688571145544867e-06,1.732053764317276410e-06
-9.542834629011430758e-01,1.907197736640653118e-01,9.054688571145544867e-06,1.732053764340073455e-06
-9.542831072458949349e-01,1.907180785181757099e-01,9.054688571085957793e-06,1.732053764340073455e-06
-9.542827515906467939e-01,1.907163833722861079e-01,0.000000000000000000e+00,1.732053764340073455e-06
-9.542823959353986529e-01,1.907146882263965060e-01,0.000000000000000000e+00,1.732053764340073455e-06
-9.542820402801505120e-01,1.907129930805069040e-01,0.000000000000000000e+00,1.732053764340073455e-06
-9.542816846249023710e-01,1.907112979346173021e-01,9.529622371830554915e-06,1.732053764340073455e-06
-9.542813289696542300e-01,1.907096027887277001e-01,9.529622371818540600e-06,1.732053764344440545e-06
-9.542809733144062001e-01,1.907079076428380704e-01,9.529622371818540600e-06,1.732053764340073455e-06
-9.542806176591580591e-01,1.907062124969484684e-01,9.529622371830554915e-06,1.732053764340073455e-06
-9.542802620039099182e-01,1.907045173510588665e-01,0.000000000000000000e+00,1.732053764340073455e-06
-9.542799063486617772e-01,1.907028222051692645e-01,0.000000000000000000e+00,1.732053764340073455e-06
-9.542795506934136363e-01,1.907011270592796626e-01,0.000000000000000000e+00,1.732053764340073455e-06
-9.542791950381654953e-01,1.906994319133900606e-01,9.054688571085957793e-06,1.732053764340073455e-06
-9.542788393829173543e-01,1.906977367675004587e-01,9.054688571145544867e-06,1.732053764317276410e-06
-9.542784837276693244e-01,1.906960416216108567e-01,9.054688571145544867e-06,1.732053764340073455e-06
-9.542781280724211834e-01,1.906943464757212547e-01,9.054688571085957793e-06,1.732053764340073455e-06
-9.542777724171730425e-01,1.906926513298316528e-01,0.000000000000000000e+00,1.732053764340073455e-06
-9.542774167619249015e-01,1.906909561839420508e-01,0.000000000000000000e+00,1.732053764340073455e-06
-9.542770611066767605e-01,1.906892610380524489e-01,9.054688571085957793e-06,1.732053764340073455e-06
-9.542767054514286196e-01,1.906875658921628469e-01,9.054688571145544867e-06,1.732053764317276410e-06
-9.542763497961805896e-01,1.906858707462732450e-01,9.054688571145544867e-06,1.732053764340073455e-06
-9.542759941409324487e-01,1.906841756003836430e-01,9.054688571085957793e-06,1.732053764340073455e-06
-9.542756384856843077e-01,1.906824804544940410e-01,4.265694590881112447e+01,1.732053764340073455e-06
-9.542752828304361667e-01,1.906807853086044391e-01,2.018860163322198531e+00,1.005220273366281300e-04
-9.542546271207784647e-01,1.905824083822527659e-01,8.502035644168246531e-01,1.005163090172314113e-04
-9.542339615443098388e-01,1.904840393712398106e-01,1.116888580503559769e+00,1.005105892041797071e-04
-9.542132861014269718e-01,1.903856782783027723e-01,1.117096586791392454e+00,1.005048679000710099e-04
-9.541926007925262132e-01,1.902873251061765469e-01,1.117304675448193452e+00,1.004991451015068880e-04
-9.541719056180051339e-01,1.901889798575995272e-01,1.117512847846553692e+00,1.004934208092229318e-04
-9.541512005782619710e-01,1.900906425353094953e-01,1.031731886482903038e+00,1.004876950235945328e-04
-9.541304856736947393e-01,1.899923131420441780e-01,2.392318641826593595e+00,6.956504932719959446e-05
-9.541161388073241545e-01,1.899242435929547335e-01,1.166473249928414502e+00,4.485818636607300436e-04
-9.540234951723770562e-01,1.894853326164354368e-01,8.904824138170434056e-01,4.484860770020576725e-04
-9.539306492746051358e-01,1.890465622886651764e-01,1.129145526346145401e+00,4.483901473224923754e-04
-9.538376011235349949e-01,1.886079328712769732e-01,1.130094091597486194e+00,4.482940748284270521e-04
-9.537443507288149158e-01,1.881694446258121434e-01,1.131044561313572006e+00,4.481978596944479051e-04
-9.536508981002210783e-01,1.877310978137516628e-01,1.131996938149500531e+00,4.481015021121481493e-04
-9.535572432476548954e-01,1.872928926964995133e-01,1.045745328526396456e+00,4.480050022769139725e-04
-9.534633861811412370e-01,1.868548295353793520e-01,2.399274893088595650e+00,3.101007068444316755e-04
-9.533982897606528839e-01,1.865516383342784301e-01,1.170508018780918480e+00,1.998834628344922648e-03
-9.529761313315492366e-01,1.845978926670516218e-01,8.989747456673122805e-01,1.996983190624571167e-03
-9.525499233689658229e-01,1.826469214637101712e-01,1.143288102849941756e+00,1.995119003442953013e-03
-9.521196663155117035e-01,1.806987482922872146e-01,1.147664537351007707e+00,1.993242143609113854e-03
-9.516853606635107266e-01,1.787533966932955409e-01,1.152079926344018679e+00,1.991352688941789521e-03
-9.512470069551336449e-01,1.768108901789930132e-01,1.156534462871754210e+00,1.989450718490148266e-03
-9.508046057824777186e-01,1.748712522324334939e-01,1.071449539159091469e+00,1.987536312478702452e-03
-9.503581577876589748e-01,1.729345063065713117e-01,2.470766787389699015e+00,1.374858883299078698e-03
-9.500467081448661366e-01,1.715953886608841961e-01,1.213062649298671358e+00,8.844463899581976943e-03
-9.479914898269389267e-01,1.629930273957044262e-01,9.413242772566354777e-01,8.805207021113819685e-03
-9.458555995866518851e-01,1.544508003110315608e-01,1.211341249354751293e+00,8.764905968311569734e-03
-9.436391236256045367e-01,1.459707760806744914e-01,1.233834163144252205e+00,8.723597696482347091e-03
-9.413421684479910123e-01,1.375550079230963285e-01,1.257170920502358680e+00,8.681321221215418035e-03
-9.389648609981541272e-01,1.292055320452417666e-01,1.281366406731899277e+00,8.638117610398529309e-03
-9.365073487844016720e-01,1.209243660904782275e-01,1.204468333803436764e+00,8.594029971426110984e-03
-9.339697999890191893e-01,1.127135075932915176e-01,1.504163102764926041e+00,5.923460593931833586e-03
-9.321662485963273514e-01,1.070712927992782115e-01,1.476709382018560612e+00,9.520401656748802427e-03
-9.291714271372711886e-01,9.803419746204722340e-02,1.246792089358429667e+00,9.452001644153234031e-03
-9.260816998185673610e-01,8.910145319294768274e-02,1.402419110630335641e+00,9.382813940741889167e-03
-9.228977470210791845e-01,8.027537580659152572e-02,1.448244438199313588e+00,9.312928634952722176e-03
-9.196202897025036460e-01,7.155821380943683252e-02,1.492388743838096499e+00,9.283658476648994767e-03
-9.162310069250999556e-01,6.291535103337406176e-02,1.514398574791442798e+00,9.212397523352311782e-03
-9.127487416904093154e-01,5.438645327554317288e-02,1.540193663888672848e+00,9.140703541108448002e-03
-9.091743008873677256e-01,4.597361581295161814e-02,1.591659126084904230e+00,9.068711554063082006e-03
-9.055085810379742695e-01,3.767879651193245527e-02,1.641800707767373302e+00,9.035502536812525798e-03
-9.017319375124975833e-01,2.947043067126595833e-02,1.667191141448347569e+00,8.962839451833128426e-03
-8.978647349913004838e-01,2.138481160409595044e-02,1.696449163845117125e+00,8.890135679001215027e-03
-8.939078947889950166e-01,1.342378604174095796e-02,1.753506621203538174e+00,8.817495140188640057e-03
-8.898623667865942499e-01,5.589124356062274285e-03,1.808400062024362986e+00,8.782053054978616879e-03
-8.857075576059073585e-01,-2.147930415137111471e-03,1.836483872075838075e+00,8.709604474016790360e-03
-8.814651035776573940e-01,-9.754427237722324007e-03,1.868740279543502858e+00,8.637537217489733507e-03
-8.771360391955020930e-01,-1.722880017186700918e-02,1.930869745611238475e+00,8.565964355784964554e-03
-8.727214110898591226e-01,-2.456956334972840161e-02,1.990339107533992014e+00,8.530047144795408973e-03
-8.681996933384907855e-01,-3.180252767076530152e-02,2.020012675904054422e+00,8.459551557346411260e-03
-8.635937019272290627e-01,-3.889822042558391257e-02,2.053660257651884979e+00,8.389872943322303558e-03
-8.589045756963269440e-01,-4.585537955814350530e-02,2.119473814742057982e+00,8.321117924167105093e-03
-8.541334783455634128e-01,-5.267283022370994328e-02,2.181976439764364617e+00,8.286608851308911380e-03
-8.492580902112012442e-01,-5.937346279040928154e-02,2.211315976540500383e+00,8.219834095836977758e-03
-8.443022631965237945e-01,-6.593131694887280347e-02,2.244301769418779013e+00,8.154305459387372473e-03
-8.392672345552417701e-01,-7.234545633825813227e-02,2.311815185341708379e+00,8.090122434956274061e-03
-8.341542641484169796e-01,-7.861503484335054248e-02,2.375116305592677168e+00,8.058910949044369859e-03
-8.289403819997076539e-01,-8.476007175324762333e-02,2.401482945101380828e+00,7.997578783994452670e-03
-8.236503209577169526e-01,-9.075811481563142435e-02,2.430987183887379555e+00,7.937888758951874152e-03
-8.182854086545978678e-01,-9.660856727072718309e-02,3.613389809025489452e+00,7.879926429769274626e-03
-8.128469927672772322e-01,-1.023109240795488512e-01,2.010983708425492456e+00,2.160222456575256952e-02
-7.973545224742722981e-01,-1.173654739037569283e-01,2.039347672480325446e+00,8.640502180219751874e-03
-7.909216863970808253e-01,-1.231340870759471129e-01,3.667607266542356470e+00,8.579911278371699784e-03
-7.844038620393369854e-01,-1.287137683559425039e-01,2.709194735369641283e+00,8.522347118596580035e-03
-7.778030936958716390e-01,-1.341045250454766524e-01,2.767516148367371365e+00,8.467879606924716418e-03
-7.711214487861302036e-01,-1.393065060467393312e-01,2.819011886198034667e+00,8.441201777692064132e-03
-7.643372645986006297e-01,-1.443293272023634666e-01,2.822419682336109847e+00,8.393292233340527569e-03
-7.574756381696383656e-01,-1.491631080479977611e-01,2.825212643030795778e+00,8.348637715241934154e-03
-7.505387014751659924e-01,-1.538083917849984161e-01,2.869228794321611709e+00,8.307253252412449135e-03
-7.435286039719927187e-01,-1.582658562655883672e-01,2.905397026255692960e+00,8.292502760749663124e-03
-7.364240165935367344e-01,-1.625425886887035543e-01,2.890181748338264800e+00,8.257933186771933276e-03
-7.292499180874040254e-01,-1.666323039772650560e-01,2.873910378797174037e+00,8.226622054261636258e-03
-7.220085066481630731e-01,-1.705360548391021969e-01,2.900145202023838298e+00,8.198515283706015247e-03
-7.147019975755251053e-01,-1.742550033502569540e-01,2.918458259753652140e+00,8.195836193377019005e-03
-7.073096434575583125e-01,-1.777940472187683474e-01,2.884295319538645153e+00,8.174378537252032298e-03
-6.998559345870178916e-01,-1.811500401483666367e-01,2.848381456241542153e+00,8.155928966328218621e-03
-6.923431854502238858e-01,-1.843245917247932353e-01,2.860825642093425270e+00,8.140421282029906488e-03
-6.847736447588448350e-01,-1.873193391883504200e-01,2.858749040670017116e+00,8.188241013066173760e-03
-6.770902144607275908e-01,-1.901499203551839934e-01,2.801409043074834404e+00,8.178630538850081844e-03
-6.693534346550955583e-01,-1.928017566491839752e-01,2.750551070766118045e+00,8.171677124722448102e-03
-6.615656023235428895e-01,-1.952768272757187118e-01,2.742793094081229732e+00,8.167244319035146111e-03
-6.537290146866729934e-01,-1.975772128904515479e-01,2.728078250361974266e+00,8.186200344530611753e-03
-6.458238911043042707e-01,-1.997039233146210013e-01,2.660491253652322641e+00,8.186807138325398817e-03
-6.378740995384022394e-01,-2.016595882089340930e-01,2.593524523984386487e+00,8.189501965524800808e-03
-6.298819374120548931e-01,-2.034465652623720089e-01,2.573427923094313119e+00,8.194123528306543683e-03
-6.218496969380012951e-01,-2.050672976166248995e-01,2.547725487466873773e+00,8.220684620939220852e-03
-6.137585891804282490e-01,-2.065211307887213077e-01,2.470540149969048027e+00,8.229113592888494949e-03
-6.056315311155237024e-01,-2.078131206239491879e-01,2.395033331439339275e+00,8.238983231103896507e-03
-5.974707981673647028e-01,-2.089459411884002915e-01,2.366881036228979163e+00,8.250121734340455648e-03
-5.892786570858034034e-01,-2.099223289859645791e-01,2.334659268514294173e+00,8.281706096144623303e-03
-5.810374445847328317e-01,-2.107402974298040466e-01,2.253545059682724006e+00,8.295315783766186654e-03
-5.727689506608449888e-01,-2.114068348878889170e-01,2.174815562163245897e+00,8.309700652707051327e-03
-5.644754127320169568e-01,-2.119248634205884718e-01,2.146324043212137322e+00,8.324697347862994312e-03
-5.561590532821640842e-01,-2.122973569565860530e-01,2.109294497912541200e+00,8.397868370372775157e-03
-5.477641813833713513e-01,-2.125216758567429198e-01,2.024763816385816817e+00,8.414138722868624160e-03
-5.393504533782099708e-01,-2.126048113055017119e-01,1.949126508543288505e+00,8.430665324965270352e-03
-5.309199688946559803e-01,-2.125495917969274229e-01,1.916991732148270566e+00,8.447134284273336013e-03
-5.224749768208238887e-01,-2.123593643292495392e-01,1.882795808006075600e+00,8.481454376965555375e-03
-5.139999191713079396e-01,-2.120300222792022016e-01,1.804480761604797312e+00,8.497871503404771584e-03
-5.055144247494691712e-01,-2.115715416304044527e-01,1.728861133019847118e+00,8.513870765394599902e-03
-4.970206265662595602e-01,-2.109872575960975438e-01,1.698895928785984610e+00,8.529324803134180275e-03
-4.885206373216660625e-01,-2.102804588700412647e-01,1.668330329030220494e+00,8.561024419025597618e-03
-4.800003509547443592e-01,-2.094462770380641214e-01,1.594801254155956194e+00,8.575366098528901249e-03
-4.714778311669364230e-01,-2.084957192069875620e-01,1.524314903260523879e+00,8.588814876371727094e-03
-4.629551286146610378e-01,-2.074321017071207585e-01,1.498498167729085395e+00,8.601268867915380645e-03
-4.544342685078051058e-01,-2.062587436298223276e-01,1.472370640819308463e+00,8.628341687654807537e-03
-4.459026812826128450e-01,-2.049702174570737778e-01,1.404506871683925961e+00,8.638809747256018245e-03
-4.373767616632939781e-01,-2.035781942912467113e-01,1.339464729815105226e+00,8.648010738073558246e-03
-4.288584639023590439e-01,-2.020859835213195954e-01,1.320447902037537480e+00,8.655868376830650607e-03
-4.203497146633400350e-01,-2.004968819687087123e-01,1.298369219966370780e+00,8.716306534727095989e-03
-4.118007863629451482e-01,-1.987969335806587523e-01,1.234123677957264853e+00,8.721548572492939314e-03
-4.032652033826421567e-01,-1.970055004424379752e-01,1.175334602730230715e+00,8.725226323730997727e-03
-3.947448413553638624e-01,-1.951258714033873298e-01,1.158918476400430775e+00,8.727286408320893488e-03
-3.862415464716743019e-01,-1.931613093214256671e-01,1.143073427955515475e+00,8.741070679583485062e-03
-3.777456328963513799e-01,-1.911056417544008401e-01,1.086665112241038011e+00,8.739946211856296568e-03
-3.692703401862705848e-01,-1.889711457331835209e-01,1.031966600274139001e+00,8.737046881083260219e-03
-3.608174361376651484e-01,-1.867610775561092118e-01,1.020292992561052881e+00,8.732364334110651743e-03
-3.523886551512134258e-01,-1.844785706128387881e-01,1.009498835775192394e+00,8.737699051356016475e-03
-3.439760483937418512e-01,-1.821173352886469310e-01,9.581702619176994951e-01,8.729492900614812048e-03
-3.355909377053871712e-01,-1.796895863218209710e-01,9.085981772250824040e-01,8.719427470079720022e-03
-3.272349764742376044e-01,-1.771983361718949823e-01,9.020173589358538857e-01,8.707488873189117573e-03
-3.189097881158036718e-01,-1.746465522325089670e-01,8.961936459819715983e-01,8.703849516505044945e-03
-3.106091880274607364e-01,-1.720279582243881278e-01,8.493606213875053434e-01,8.688204283382815196e-03
-3.023425521083609180e-01,-1.693544541097774525e-01,8.039350247515263392e-01,8.670659264285644416e-03
-2.941114229420350723e-01,-1.666288633986466594e-01,8.036198720146712215e-01,8.651215803658454315e-03
-2.859173136283552630e-01,-1.638539566548198323e-01,8.023208238840059403e-01,8.676568027036793765e-03
-2.777198215352656985e-01,-1.610107267816771048e-01,7.577954634330882344e-01,8.653146822227938961e-03
-2.695627217359907180e-01,-1.581230507625050186e-01,7.161650591204909988e-01,8.627815637164063314e-03
-2.614474680869306455e-01,-1.551935694295196178e-01,7.188026373816542858e-01,8.600587742759107507e-03
-2.533754856371056019e-01,-1.522248645181795423e-01,7.235297694507201172e-01,8.578498226469855395e-03
-2.453439079682662172e-01,-1.492108320082442263e-01,6.840156460767448099e-01,8.547770252436805508e-03
-2.373583234977870160e-01,-1.461620917842689216e-01,6.435283547532648640e-01,8.514657982161843303e-03
-2.294203807475977408e-01,-1.430817565025325477e-01,6.508859782147122797e-01,8.480007667533494969e-03
-2.215312494500184248e-01,-1.399717504879111341e-01,6.599894197460633993e-01,8.448646399406468596e-03
-2.136899409180257892e-01,-1.368263559994084000e-01,6.230293334034319175e-01,8.410284641647662596e-03
-2.059001679274412022e-01,-1.336558159020916348e-01,5.869051588001269470e-01,8.370163778980425212e-03
-1.981631825810659664e-01,-1.304622756350947155e-01,5.990725856612151290e-01,8.328310686951695407e-03
-1.904802124223966553e-01,-1.272478194696771980e-01,6.127291401790745384e-01,8.287999531724501989e-03
-1.828521201495916793e-01,-1.240069639475289837e-01,5.785125600399672052e-01,8.242653361605373208e-03
-1.752806014818634739e-01,-1.207491365267119032e-01,5.445186054143018595e-01,8.195654443444279694e-03
-1.677668223001057557e-01,-1.174762365642730427e-01,5.632291445783266237e-01,8.147033906931668359e-03
-1.603119261468952950e-01,-1.141901013227557132e-01,5.823834262687858088e-01,8.132843004401658568e-03
-1.528870937615303405e-01,-1.108712160605809655e-01,5.488025975759645014e-01,8.080468159098809153e-03
-1.455241096837515680e-01,-1.075424879039743042e-01,5.165270185291628291e-01,8.026540395154642057e-03
-1.382240775249898301e-01,-1.042055909627887245e-01,5.371107511620544228e-01,7.971093129913687722e-03
-1.309880808352103243e-01,-1.008621380184126226e-01,5.637436095697001548e-01,7.913428440062713828e-03
-1.238206300623494044e-01,-9.750803618713069221e-02,5.393741664372119216e-01,7.855592920866403747e-03
-1.167193176697054607e-01,-9.414921162481013073e-02,5.065788308122026740e-01,7.795519545813954683e-03
-1.096854552738267680e-01,-9.078842231498854276e-02,5.318391610292331206e-01,7.734074470682247154e-03
-1.027200563256753796e-01,-8.742700514195714256e-02,5.641512029931531336e-01,7.669053009131467612e-03
-9.582935308025151977e-02,-8.406061496249583875e-02,5.359601640172736436e-01,7.604738095814370970e-03
-8.900936071295481589e-02,-8.069613199836225825e-02,5.071923794869985791e-01,7.539131317838675649e-03
-8.226105950544450318e-02,-7.733474361849140832e-02,5.914793681761900679e-01,7.472262277962444209e-03
-7.558541662048899601e-02,-7.397758773542559285e-02,5.755474947443243172e-01,9.851303128024454375e-03
-6.680880028428994033e-02,-6.950330801603071817e-02,5.148218740507065627e-01,9.726972133116898109e-03
-5.816579845425022544e-02,-6.504096488216451477e-02,5.656663270227212381e-01,9.599848624745974807e-03
-4.965861056206731516e-02,-6.059294871929665760e-02,6.098070135512192458e-01,9.501082982762957055e-03
-4.126725518422462435e-02,-5.613697152365276777e-02,5.970549641384614858e-01,9.367127050736740596e-03
-3.301784348049867368e-02,-5.169959890834612687e-02,6.179769601513007693e-01,9.230621992710302467e-03
-2.491255958159714970e-02,-4.728272724499492374e-02,6.744958014378671374e-01,9.081368993609754622e-03
-1.696792934336659175e-02,-4.288339625314067233e-02,6.691927298681805691e-01,8.939575173215698681e-03
-9.172283716128153130e-03,-3.850802043704296129e-02,7.013367179006122498e-01,8.795400031289295900e-03
-1.527827458252214651e-03,-3.415815259631203166e-02,7.741899289377176530e-01,8.636402860277109586e-03
5.946620399777509391e-03,-2.983148140674868332e-02,7.767023029512537535e-01,8.487318578980870831e-03
1.326505861840911182e-02,-2.553322144471914523e-02,8.239430468590192014e-01,8.336030091428256808e-03
2.042516492837543468e-02,-2.126446573430681997e-02,9.192573830204380236e-01,8.167927802238168430e-03
2.740589659476897616e-02,-1.702366038810361470e-02,9.318477702240578475e-01,8.012125904499086890e-03
3.422345990794108811e-02,-1.281474223964372550e-02,3.170165945281100850e+00,7.854398455238487814e-03
4.087570651921892950e-02,-8.638716603180843223e-03,8.177308464588750603e-01,5.877488032265177492e-02
8.921786502269021812e-02,2.479064576236986173e-02,1.096865506534393297e+00,6.987623377376381978e-03
9.472043897107476629e-02,2.909744972895768333e-02,5.606723631490766913e+00,6.764521086154917304e-03
9.998042793210099033e-02,3.335083210712647128e-02,3.088713645277056052e+00,6.539927861580882226e-03
1.049945514538123126e-01,3.754954878531555074e-02,3.226319387786504400e+00,9.342143117136155611e-03
1.119925658150976028e-01,4.373852551982500281e-02,3.458743041226794990e+00,8.829528502189074729e-03
1.184163643055434756e-01,4.979619722809003335e-02,4.552207119864537965e+00,8.270309494920760618e-03
1.241962289363121169e-01,5.571153187557754266e-02,5.610275463115034889e+00,7.756558223334868163e-03
1.293771159681538774e-01,6.148410539483891574e-02,6.996774358863535603e+00,7.201792387159934583e-03
1.338862516530281987e-01,6.709957589722317928e-02,8.845722216408685057e+00,6.700669351171136684e-03
1.377720585570533507e-01,7.255846538670313040e-02,1.129266613388631946e+01,6.188198918764707332e-03
1.409661715078646682e-01,7.785860201849481577e-02,1.452152038567236048e+01,5.722598635665434100e-03
1.435095836705212735e-01,8.298492523457964842e-02,1.876876015769406081e+01,5.254515946675741671e-03
1.453251111878686719e-01,8.791582755237342672e-02,3.130213630098006661e+01,4.873896071704160796e-03
1.464684166589878267e-01,9.265372956882356181e-02,3.342908085207797342e+01,8.826493253050808965e-03
1.465646302855068972e-01,1.014796984155974663e-01,3.613283296671529143e+01,8.385158300111085483e-03
1.437298072857092213e-01,1.093711278347673510e-01,3.580446086340774059e+01,9.024583351000790149e-03
1.378904736405965614e-01,1.162519190131287433e-01,3.278106972925631624e+01,5.066062033231314050e-03
1.338223630924128549e-01,1.192711012024482709e-01,3.039396341909914412e+01,5.515128079736048711e-03
1.290355433509096095e-01,1.220102606534930328e-01,1.807310803406410926e+01,6.079133736529670172e-03
1.234620208585494872e-01,1.244375459712439153e-01,1.381328229192360979e+01,6.636869165844196984e-03
1.171765847973239155e-01,1.265685846486917510e-01,1.058613559638783741e+01,7.285226738335132297e-03
1.101185823912961131e-01,1.283738909012314411e-01,8.186817835891735839e+00,7.895890692334078115e-03
1.023664205307088376e-01,1.298735829738063285e-01,6.385254116382904854e+00,8.605923894763977886e-03
9.384039506187363822e-02,1.310435469848951762e-01,4.661509344556580281e+00,9.236090510746515145e-03
8.464465396403500486e-02,1.319059352873571955e-01,4.177218487528136848e+00,6.546600076410212868e-03
7.810961774900147814e-02,1.322948751653004185e-01,3.887075679647698845e+00,6.822739215729099055e-03
7.129167800292489365e-02,1.325507423666312523e-01,2.937128350504195407e+00,7.095120257031544385e-03
6.419766848973378071e-02,1.326762831508145335e-01,2.626200239781996792e+00,7.401346621557833468e-03
5.679634541990549040e-02,1.326576115554596869e-01,2.204718574417296573e+00,7.662746672023948435e-03
4.913491334368515207e-02,1.325156781165658937e-01,1.910752828440859918e+00,7.917312091168499100e-03
4.122189127964498434e-02,1.322550777271256639e-01,1.714143206433326183e+00,8.200177500918994986e-03
3.303103449918360496e-02,1.318642117033426708e-01,1.429010546841749996e+00,8.437584655199156791e-03
2.460817565891730563e-02,1.313659308883395882e-01,1.231978375482784438e+00,8.665432085470627793e-03
1.596347800063332295e-02,1.307668352158771197e-01,1.096889905676514676e+00,8.984664421111917751e-03
7.007330991903122988e-03,1.300515551881904486e-01,8.860796719270549460e-01,9.192999671143250659e-03
-2.150617545481632586e-03,1.292495442529456029e-01,7.382671301248686646e-01,9.389194889409830519e-03
-1.149847644229295106e-02,1.283694790754586479e-01,6.395957566199574895e-01,9.602360447935918281e-03
-2.105226136470802686e-02,1.274048445185831102e-01,4.783748029181162931e-01,9.771143440474002254e-03
-3.076967326948642362e-02,1.263815410410217277e-01,3.445832417347363119e-01,9.925365297366406034e-03
-4.063703461506697895e-02,1.253100671207100780e-01,3.110153805925307546e-01,7.556917893872577320e-03
-4.814707799701012370e-02,1.244696764638941466e-01,2.131191783229194059e-01,7.628944553275540316e-03
-5.572776275165236548e-02,1.236129304993940359e-01,7.182426833325397664e-02,7.694643790564164622e-03
-6.337325433949680953e-02,1.227445979341475757e-01,6.648208621969532717e-02,7.753929171469860562e-03
-7.107764844592462383e-02,1.218695384795894093e-01,6.362844218901696214e-02,3.153700441359119644e-02
-1.024189311952526937e-01,1.183614559535445115e-01,1.587915547875934363e-01,7.998669128774820586e-03
-1.103717356206054268e-01,1.175061141483547122e-01,5.371312364430063102e-01,8.017284296714961150e-03
-1.183457970904978479e-01,1.166747350719224141e-01,4.721230339663314290e-01,8.029453304353865659e-03
-1.263350588882676817e-01,1.158723534336138505e-01,5.064526231339120388e-01,8.035249594697174702e-03
-1.343334841062443774e-01,1.151039589506068772e-01,5.410166186757735529e-01,8.044032862581866616e-03
-1.423435467548765654e-01,1.143654732978792721e-01,6.397368602408654015e-01,8.036600435478814114e-03
-1.503500764483549912e-01,1.136709023317523104e-01,7.420809141519220109e-01,8.023156359868785850e-03
-1.583471905205562913e-01,1.130249886447144275e-01,7.801210386158862198e-01,8.002974563420537160e-03
-1.663282426400453651e-01,1.124330351594175631e-01,8.136390318348408757e-01,7.984612982502484191e-03
-1.742943553523192968e-01,1.118898107714388218e-01,9.156924662774468260e-01,7.953443181115304322e-03
-1.822332383568807390e-01,1.114087753516254525e-01,1.022691599936910167e+00,7.917023731823638610e-03
-1.901393946671174062e-01,1.109940981658970593e-01,1.064675799494413599e+00,7.875570090564717324e-03
-1.980074344009959963e-01,1.106497800027030909e-01,1.107142268838873456e+00,7.832049651762285417e-03
-2.058345342631032748e-01,1.103713747292797004e-01,1.217458534630158962e+00,7.780595681767359106e-03
-2.136125424607788481e-01,1.101707316630440164e-01,1.331699812899699520e+00,7.724858753483883171e-03
-2.213364771609112325e-01,1.100512514999731906e-01,1.379680163611087584e+00,7.664673160243748277e-03
-2.290010703021894412e-01,1.100162281929915609e-01,1.425636823327835145e+00,7.619436623724520213e-03
-2.366203800756777331e-01,1.100601945276160065e-01,1.546802108236880802e+00,7.551380090797281050e-03
-2.441705661436629482e-01,1.101944763748311240e-01,1.674881759187471175e+00,7.480280486509548535e-03
-2.516473951349891269e-01,1.104216863907192397e-01,1.878232103053769642e+00,7.406187919604062010e-03
-2.590465644381914068e-01,1.107440419754982808e-01,1.810723429323832789e+00,9.751634808855479467e-03
-2.687815478364634636e-01,1.113136731549901198e-01,1.843570042709029355e+00,9.610739918926221662e-03
-2.783633040917031787e-01,1.120595074894214227e-01,2.086361897639755547e+00,9.467789216586931442e-03
-2.877857714781893450e-01,1.129847863664765195e-01,2.193752890685728207e+00,9.311149559867146902e-03
-2.970323016922058468e-01,1.140798594816127276e-01,2.372511292473333810e+00,9.155016633764138587e-03
-3.060975958742437886e-01,1.153584411010673133e-01,2.513551592004500623e+00,8.999586632803356981e-03
-3.149774453155126386e-01,1.168215998285231372e-01,2.619647860824663610e+00,8.835745341489231741e-03
-3.236608221256513929e-01,1.184554183352102136e-01,2.809859310398876264e+00,8.680283903728961900e-03
-3.321487540585477682e-01,1.202726525391184798e-01,2.959330941224703526e+00,8.522339953120849909e-03
-3.404331846566878150e-01,1.222722744886781537e-01,3.060831212795241285e+00,8.379369957555140441e-03
-3.485269011541838324e-01,1.244415126369086411e-01,3.261311892090345221e+00,8.226069719341760553e-03
-3.564109430646920096e-01,1.267888741729362723e-01,3.419236092336775279e+00,8.075784316063471316e-03
-3.640826190398600004e-01,1.293115077276974501e-01,3.522277268636986758e+00,7.914218745706849342e-03
-3.715303414987745634e-01,1.319885001688293480e-01,3.724235539363271563e+00,7.770728151854364336e-03
-3.787620187609160860e-01,1.348322758256361997e-01,3.864750629172975849e+00,7.631365234389337997e-03
-3.857762943976507652e-01,1.378385480409481390e-01,3.949813273780707679e+00,7.479450471290967524e-03
-3.925626895442139164e-01,1.409829112940088891e-01,4.146459546440640409e+00,7.348873659214681664e-03
-3.991310607177613878e-01,1.442787335261097037e-01,4.267886024666140088e+00,7.223164706626672774e-03
-4.054814154233302159e-01,1.477206956834433704e-01,4.323621823992723989e+00,7.083207395687712848e-03
-4.116047532331446601e-01,1.512811115407867169e-01,4.505797247802750150e+00,6.967224182317539698e-03
-4.175122304583931410e-01,1.549748800283669570e-01,4.602199818251784258e+00,6.856327873667602407e-03
-4.232050354317390961e-01,1.587960321382258233e-01,4.608273236089802438e+00,6.773455047902220659e-03
-4.287120071211267258e-01,1.627397557718283649e-01,4.765090203069055619e+00,6.670839357711492827e-03
-4.340060035941541994e-01,1.667985362635481805e-01,5.421038327688745717e+00,6.573182948197606700e-03
-4.390892319080749173e-01,1.709659724033145145e-01,4.839995677778792249e+00,9.650670671649532947e-03
-4.463131206400803852e-01,1.773652595511334695e-01,4.501760215043582036e+00,9.456099884914899098e-03
-4.530807987933451741e-01,1.839695276746510233e-01,4.954184371419394495e+00,9.236465268110961510e-03
-4.593935912789814946e-01,1.907120006395440770e-01,4.961379380302736841e+00,9.068033439516605052e-03
-4.652755323372347318e-01,1.976135946472662164e-01,4.945438621557419090e+00,8.868616605168218661e-03
-4.707320598638883857e-01,2.046049226928049469e-01,4.905557956078558490e+00,8.720999344008382656e-03
-4.757865701719939389e-01,2.117118035208088445e-01,4.842635456606393163e+00,8.551249992754294052e-03
-4.804571675845710210e-01,2.188748612651111036e-01,4.770713274677887306e+00,8.418530687048441166e-03
-4.847555646297345699e-01,2.261133308389164376e-01,4.689792621705961118e+00,8.243240682478732151e-03
-4.886947638153177342e-01,2.333544444774097171e-01,4.591188396173098596e+00,8.121262440230843718e-03
-4.922942987898338285e-01,2.406344342844314033e-01,4.483614190383843123e+00,7.951546340483651998e-03
-4.955704571022571114e-01,2.478797000433113906e-01,4.368451573827478285e+00,7.836265977127032309e-03
-4.985398926191207392e-01,2.551315630574249038e-01,4.246603807449766066e+00,7.668614452845386002e-03
-5.012219246478183399e-01,2.623158759559162667e-01,4.116955952016820852e+00,7.556966890547181168e-03
-5.036302206631033673e-01,2.694788263876579659e-01,3.983556865315917239e+00,7.399193017097690540e-03
-5.057904583615208116e-01,2.765556498551893783e-01,3.856475587126784621e+00,7.288018904309176427e-03
-5.077078175599323284e-01,2.835869337531581325e-01,3.729093827614746726e+00,7.116800245397352127e-03
-5.094071718014228090e-01,2.904978700786364776e-01,3.594047267187586048e+00,7.005010967376408895e-03
-5.108945033627595445e-01,2.973431621454306617e-01,3.457157645527790368e+00,6.830103776988486267e-03
-5.121970605809142985e-01,3.040479113799557931e-01,3.318010715392488486e+00,6.716513444863873514e-03
-5.133169955806057283e-01,3.106703956911114894e-01,3.176270410026705626e+00,6.537140902451346602e-03
-5.142837714874949340e-01,3.171356532671374406e-01,3.021869455342726773e+00,6.420878561419507760e-03
-5.150956869362401935e-01,3.235049919144842301e-01,2.859973105421103945e+00,6.243318398090701334e-03
-5.157866010119138700e-01,3.297099626928178262e-01,2.712484922683266131e+00,6.123539355806523025e-03
-5.163485702439521985e-01,3.358076610146728536e-01,2.560819281103519085e+00,5.933578429456675199e-03
-5.168150854061328570e-01,3.417228716264743560e-01,2.390186449201662011e+00,5.810394705841747873e-03
-5.171771166289251820e-01,3.475219767325573028e-01,2.211442217422253442e+00,5.615338895860883840e-03
-5.174698284063964371e-01,3.531296813191682760e-01,2.018219765394176690e+00,5.488177484520637486e-03
-5.176804111729095270e-01,3.586138172584067418e-01,1.803045647024619003e+00,5.288473110024333526e-03
-5.178461469499787695e-01,3.638996927287190819e-01,1.858240832470247961e+00,5.158063191843785707e-03
-5.179510791800716607e-01,3.690566884741256493e-01,1.078037071248763912e+00,9.820215479003566172e-03
-5.180785231611360064e-01,3.788760769523228378e-01,4.659226961873714767e-01,9.121106028602091534e-03
-5.181360544197697315e-01,3.879970015402843808e-01,1.058481798787175021e-01,8.406584885869315335e-03
-5.181957783164845566e-01,3.964033742716999709e-01,1.228856381476232773e+00,7.678329675007699272e-03
-5.183229738528325470e-01,4.040806503442166409e-01,2.847113998674728474e+00,6.937428959505890363e-03
-5.185823854889158868e-01,4.110132275108449029e-01,5.226965689783450664e+00,6.188271466919788820e-03
-5.190212879816152869e-01,4.171859147984203764e-01,9.001492788873051154e+00,5.438181205390534706e-03
-5.196856527760369548e-01,4.225833618099801847e-01,1.548547034902777675e+01,4.699978297779631303e-03
-5.206143352465248952e-01,4.271906760893199317e-01,2.697812043313898656e+01,3.986559338398375056e-03
-5.218488647445007622e-01,4.309812686916973945e-01,4.728803511108168323e+01,3.345707210546098199e-03
-5.234081726099278908e-01,4.339413895877956007e-01,8.091115513986592589e+01,2.840426392602617145e-03
-5.253114987195198760e-01,4.360497946277105963e-01,1.221025134926757687e+02,2.574271677262980878e-03
-5.275708948822158684e-01,4.372834897474030535e-01,1.387791016445109165e+02,2.649765585326914648e-03
-5.302013611055088615e-01,4.376027155378673927e-01,1.115263300217563511e+02,3.050159387912803211e-03
-5.331901382147526958e-01,4.369938775602964509e-01,7.102164738799362453e+01,3.683117077273267721e-03
-5.365252104565475522e-01,4.354309813555178321e-01,4.236177392032065114e+01,4.459140801530866310e-03
-5.401865224151906064e-01,4.328856461262455269e-01,2.583219488553953624e+01,5.366902367353076561e-03
-5.441739951849688950e-01,4.292934738125923078e-01,1.668763063185804896e+01,6.287394609247131012e-03
-5.484215511358564443e-01,4.246577862242760237e-01,1.163931101922108802e+01,7.236371901909264409e-03
-5.528798255809633799e-01,4.189578855869974805e-01,8.713295192151777613e+00,8.198580623273929446e-03
-5.574897754960469465e-01,4.121781299854478386e-01,6.085952753444424879e+00,9.189503371207323468e-03
-5.621928560907045735e-01,4.042833212398488918e-01,5.856856682775176459e+00,4.968744533246871771e-03
-5.645547149504069884e-01,3.999118174981696194e-01,6.518827091423345266e+00,5.178265036757991220e-03
-5.669012775654901359e-01,3.952957507000822712e-01,4.871239234716143507e+00,5.437720959594598280e-03
-5.692329947822711844e-01,3.903833272599275817e-01,4.576247151122078805e+00,5.642491642270735207e-03
-5.715285733395351064e-01,3.852289086680275032e-01,4.329127509241589955e+00,5.892563863774709712e-03
-5.737850214319725195e-01,3.797854951347012786e-01,4.131436445228724885e+00,6.089936110746740558e-03
-5.759830286437402913e-01,3.741060509603129081e-01,3.959335035509277123e+00,6.341457123737091750e-03
-5.781195665844034437e-01,3.681353488173231270e-01,3.790464467856128117e+00,6.528963642450959226e-03
-5.801739656359055086e-01,3.619380259451763227e-01,3.652535076989868568e+00,6.749887077595125191e-03
-5.821372352921408977e-01,3.554799652597080417e-01,3.542462996374679651e+00,6.924182100725905994e-03
-5.839945694694385070e-01,3.488095374235152812e-01,3.446369071794783689e+00,7.125594907710341638e-03
-5.857347925261047195e-01,3.418997091693663504e-01,3.361672058871745250e+00,7.283559561305098101e-03
-5.873462235554898214e-01,3.347966443434891581e-01,3.290711882903841534e+00,7.462277912119234108e-03
-5.888160019136386980e-01,3.274805427028871230e-01,3.235868057327370373e+00,7.600934745422466970e-03
-5.901353213851476820e-01,3.199949829284769454e-01,3.186463882952335069e+00,7.768343454050695950e-03
-5.912913909915267219e-01,3.123131431042356909e-01,3.132067835051474347e+00,7.884830312599937913e-03
-5.922771809592695114e-01,3.044901790113874740e-01,3.088238323890592163e+00,8.009234177383606559e-03
-5.930795141099544088e-01,2.965212334334906275e-01,3.053137474521741002e+00,8.100673198376448156e-03
-5.936959229961507045e-01,2.884440466489775479e-01,3.023535448672737047e+00,8.193922400903734873e-03
-5.941144685566622785e-01,2.802608208836813164e-01,2.996984620644861153e+00,8.258050474482985306e-03
-5.943360040255063481e-01,2.720057424664188428e-01,2.974213408910893808e+00,8.318268445065026689e-03
-5.943507424819410856e-01,2.636874870782940916e-01,2.961744183820245624e+00,8.353344665979898359e-03
-5.941629033489307377e-01,2.553362546202215255e-01,2.942348202495237430e+00,8.428506282160850779e-03
-5.937614791093972499e-01,2.469173130758027801e-01,2.914776718426724145e+00,8.433216291836754738e-03
-5.931558687117107764e-01,2.385058700919197583e-01,2.895275363052004280e+00,8.424052058063569159e-03
-5.923426628587430409e-01,2.301211608353227189e-01,2.871727479197714317e+00,8.397596010814179640e-03
-5.913332474844835707e-01,2.217844528901533052e-01,2.847525130054449960e+00,8.353313638483472053e-03
-5.901284721196505823e-01,2.135184765374672222e-01,2.819461514606421471e+00,8.296098705100792003e-03
-5.887421899747375953e-01,2.053390220605799954e-01,2.785444835362928195e+00,8.217757586805658765e-03
-5.871799286562572329e-01,1.972711301842419163e-01,2.748892002862246997e+00,8.130545519802351642e-03
-5.854581282558960487e-01,1.893249881120855072e-01,2.702313969212417177e+00,8.028854688379334636e-03
-5.835833090227032782e-01,1.815180962561699085e-01,2.636136728204073965e+00,7.912718293736272293e-03
-5.815770990139642604e-01,1.738639318865692618e-01,2.557723720348162200e+00,7.773276250057790417e-03
-5.794526604213516841e-01,1.663865938357699803e-01,2.464859578580757216e+00,7.630130899587835372e-03
-5.772308512248423007e-01,1.590871101938161614e-01,2.347883644716138640e+00,7.460264719611081966e-03
-5.749291027864975590e-01,1.519908080713546772e-01,2.215060048017975625e+00,7.290481743422208907e-03
-5.725700479785038599e-01,1.450925485470939136e-01,2.063627135896353160e+00,7.097169980434395523e-03
-5.701700633351135528e-01,1.384134845825349680e-01,1.874245656923935410e+00,6.906892342489002849e-03
-5.677526488869708565e-01,1.319434560496269282e-01,1.643003909748766977e+00,6.697479090378098340e-03
-5.653346731546995407e-01,1.256976879203894337e-01,1.356731459224885583e+00,6.487255454524313951e-03
-5.629414877430080066e-01,1.196679991292889933e-01,1.014699340713391296e+00,6.251515708077377137e-03
-5.605946345849960322e-01,1.138737149713392460e-01,5.462136851440907437e-01,6.025074933469373901e-03
-5.583143113266126889e-01,1.082968292999992865e-01,5.136431478414243967e-02,1.131101627645826786e-02
-5.540361583818118607e-01,9.782608450379706722e-02,7.758501978112303243e-01,5.276446750641801062e-03
-5.520760324605119562e-01,9.292722783259238506e-02,2.482766040015102149e+00,5.030149481941401102e-03
-5.502601956591716137e-01,8.823626412333461511e-02,3.301429842979928697e+00,6.303587771168081902e-03
-5.480838054045493735e-01,8.232030737497977868e-02,4.691394803786058887e+00,5.863801340256093349e-03
-5.462295615623709022e-01,7.675739932866691706e-02,7.261008569543120572e+00,5.405952499838800884e-03
-5.447228420649278258e-01,7.156566370495318075e-02,1.397915960341809161e+01,4.987630962022764243e-03
-5.436002993630144609e-01,6.670599699871609944e-02,1.697432587934321901e+01,8.776805796039606131e-03
-5.425664373826044606e-01,5.799029568517528183e-02,2.334144423723538608e+01,7.524442348541948017e-03
-5.432437170232685686e-01,5.049639650351601949e-02,3.844437823951357558e+01,6.747329237599385306e-03
-5.456945102587704710e-01,4.420989792661475515e-02,4.573380477949431366e+01,6.622189353402859607e-03
-5.498975274315370809e-01,3.909247294155135388e-02,4.149463639519277791e+01,7.082156566188773858e-03
-5.557629336673208797e-01,3.512334818699408556e-02,3.101361284050829781e+01,7.926430527036343321e-03
-5.631741999866431980e-01,3.231239951367892438e-02,2.145792560911814206e+01,8.945934158725221338e-03
-5.719698316261639937e-01,3.067942614154223896e-02,1.346850260762179907e+01,9.990538949830330903e-03
-5.819510005193579971e-01,3.024683391598410875e-02,1.190655561660502393e+01,5.360292337194057406e-03
-5.873058843231971915e-01,3.048756901430177413e-02,1.250195250570346772e+01,5.652795719294678028e-03
-5.929303203944896739e-01,3.105309383605606155e-02,8.809281359960484892e+00,5.840338477587046773e-03
-5.987055581312156205e-01,3.192268144928450679e-02,7.998674050346314957e+00,6.116917965370227694e-03
-6.047023145664760513e-01,3.312916296643744762e-02,7.357429467752698571e+00,6.268335305947138163e-03
-6.107869640288257074e-01,3.463550569905557430e-02,6.875489039778428513e+00,6.527398596009580459e-03
-6.170459118986304503e-01,3.648820750837473981e-02,6.478052711722260604e+00,6.660814366149188370e-03
-6.233483676497559856e-01,3.864354959848574633e-02,6.129356982065738535e+00,6.903575153369689681e-03
-6.297797655678600837e-01,4.115282652964133425e-02,5.836345254835894281e+00,7.012397599917478616e-03
-6.362061761606807586e-01,4.395906368850917290e-02,2.548218660971080141e+01,7.240548970987030659e-03
-6.427184723840381197e-01,4.712379863799653901e-02,2.467138748993544795e+00,1.353451163953009184e-01
-7.395809802571787772e-01,1.416539795358628118e-01,1.999018440217593895e+00,6.596095573858181196e-03
-7.429684690507508682e-01,1.473137848764107527e-01,2.072654549184307626e+01,6.679195453410484255e-03
-7.462843854318343961e-01,1.531117457643886293e-01,2.836909501815052081e+00,6.761569405482057045e-03
-7.495259346269831369e-01,1.590456466432862148e-01,2.733325701363154447e+00,6.652026784952666354e-03
-7.526114314968479491e-01,1.649387926124424308e-01,2.732168963152877161e+00,6.729169799859704634e-03
-7.556218413571974546e-01,1.709570281236246214e-01,2.623792253130156293e+00,6.805425865765782345e-03
-7.585550687133565395e-01,1.770978748479382914e-01,2.526524951242169248e+00,6.681138246317664710e-03
-7.613356862376615686e-01,1.831728871483321308e-01,2.531631886468878712e+00,6.752014168691864056e-03
-7.640396255972129458e-01,1.893598417525040878e-01,2.474377493068767642e+00,6.821905824570840063e-03
-7.666651532816119996e-01,1.956562695856303991e-01,2.304232509976590126e+00,7.434693180031821946e-03
-7.694201286672761597e-01,2.025616858153443112e-01,2.276763211615594251e+00,7.514663711574718838e-03
-7.720798997836266775e-01,2.095898995504754114e-01,2.322338400741514430e+00,7.593032876878598805e-03
-7.746424151496745791e-01,2.167374630002202041e-01,2.335953352855413279e+00,7.669705271744614410e-03
-7.771057488192113505e-01,2.240008207766176762e-01,2.081256403688265699e+00,9.844118152733049090e-03
-7.801068043982101186e-01,2.333763382352291582e-01,1.979956916791118404e+00,9.963760630205717797e-03
-7.829422394142229180e-01,2.429281356663939295e-01,1.988719717794956043e+00,1.007931256852228827e-02
-7.856088150549401794e-01,2.526483165395209673e-01,1.893107545489190802e+00,9.622081851680728756e-03
-7.879926378489923167e-01,2.619704326108323045e-01,1.928154896938452101e+00,9.720699135822538292e-03
-7.902214140114767194e-01,2.714321739149856971e-01,1.826954400371726406e+00,9.815361166831291714e-03
-7.922930607187145258e-01,2.810264219186455192e-01,1.740893970866194129e+00,9.355657434786678744e-03
-7.941258655412568590e-01,2.902007966940481909e-01,1.783488137287990938e+00,9.435802081908290992e-03
-7.958156529093192155e-01,2.994840601062153662e-01,1.677119442114497927e+00,9.512295076876389407e-03
-7.973611370074056293e-01,3.088699663774354676e-01,1.585497398182703188e+00,8.961056554591471934e-03
-7.987003799085649058e-01,3.177303818883627784e-01,1.654881228837538742e+00,9.024753682579857161e-03
-7.999118291218235699e-01,3.266734557354767365e-01,1.570058671574293019e+00,9.085268927147407969e-03
-8.009947677021803658e-01,3.356939521469701204e-01,1.480169596183279701e+00,8.544827636007735691e-03
-8.019149453128906480e-01,3.441890891378507900e-01,1.558769577222936409e+00,8.595136414445979020e-03
-8.027219117027666329e-01,3.527462601206315940e-01,1.459134269674179141e+00,8.642757793831990637e-03
-8.034152834393336606e-01,3.613611598831229510e-01,1.347751169435636109e+00,8.034877507137251629e-03
-8.039846586075736212e-01,3.693758381968478277e-01,1.460710532965068253e+00,8.074372503173539092e-03
-8.044563545063516674e-01,3.774364209486766875e-01,1.382638883182141676e+00,8.111682540085318749e-03
-8.048300972969218980e-01,3.855394888835777523e-01,1.261326697295436228e+00,7.501439645537427703e-03
-8.051164703269774181e-01,3.930354602844902123e-01,1.390310719826317154e+00,7.532464750660567560e-03
-8.053195656582380346e-01,4.005651865415572055e-01,1.281066157143098794e+00,7.561767898052127075e-03
-8.054393159883316278e-01,4.081260061798275274e-01,1.111499490737196671e+00,6.863000022539533784e-03
-8.055103585088795315e-01,4.149886384932807148e-01,1.294939655988895266e+00,6.887520361385965698e-03
-8.055129818302175781e-01,4.218761583550808547e-01,1.329917029721096267e+00,6.910743466284466341e-03
-8.054471783691699027e-01,4.287865885270243926e-01,1.081985830273197724e+00,9.375584761086885530e-03
-8.053013776380875122e-01,4.381610395381044798e-01,8.424704874607967797e-01,9.419156761925761776e-03
-8.050299664330698990e-01,4.475762851569676792e-01,7.036765484001670234e-01,7.757946816656115067e-03
-8.048062817571222105e-01,4.553310065559484920e-01,1.048496294914408100e+00,7.793448699551387866e-03
-8.044968549711609684e-01,4.631183101776566446e-01,1.384589710069346280e+00,7.827071716667296369e-03
-8.041015378373637112e-01,4.709353924991868112e-01,7.453595240122881105e-01,7.858827766144627427e-03
-8.036202324803362051e-01,4.787794679074948156e-01,3.674609020581737218e-01,2.235031060037213219e-02
-8.023858616759768081e-01,5.010956663438426162e-01,1.498247266261157007e+00,6.426857087662350698e-03
-8.023312521614771597e-01,5.075222914166286348e-01,6.658046455740024960e+00,6.503496778485037821e-03
-8.022085481567468035e-01,5.140246305399740478e-01,4.937644640204007374e+01,2.758875136904502534e-03
-8.027120531887288468e-01,5.167371708076564651e-01,5.494552153224060476e+02,9.639446852547531135e-04
-8.036359207221511758e-01,5.170122310500017138e-01,5.727782984497437155e+02,2.823620800347288219e-03
-8.050285303041485596e-01,5.145559181675938287e-01,6.263353700925573975e+01,5.340152182018721196e-03
-8.068294364417262221e-01,5.095285965734689393e-01,1.085132236947893247e+01,8.193120368525423636e-03
-8.090273370018790100e-01,5.016357862690953295e-01,5.173543525053778680e+00,5.426078132737716629e-03
-8.102832425095948254e-01,4.963570529685521482e-01,4.188329028520567654e+00,5.447888708991818936e-03
-8.115030495636681440e-01,4.910474802798705518e-01,2.856773268812042410e+00,6.922322637651769778e-03
-8.128725532775242790e-01,4.842619802778456162e-01,2.368374737254892448e+00,6.953055048816068895e-03
-8.141827778413978089e-01,4.774334895145737612e-01,2.075634839656581132e+00,8.293650804075184541e-03
-8.155725066842790527e-01,4.692571029408358907e-01,1.704135500703673145e+00,8.331089559551425883e-03
-8.168757544429955386e-01,4.610285794688716021e-01,1.832961466576110920e+00,6.371548410362480423e-03
-8.177652304586752186e-01,4.547194225075079643e-01,1.960504272675958948e+00,6.390229707228208163e-03
-8.186029145480490099e-01,4.483843359984260313e-01,1.645861272441212275e+00,6.974296164629616851e-03
-8.194271973698099565e-01,4.414589215832652180e-01,1.604998222063529489e+00,6.993507511496242432e-03
-8.201884526723204338e-01,4.345069695064918136e-01,1.572266178808155557e+00,7.567348791102302373e-03
-8.209136154878017289e-01,4.269744462494921566e-01,1.561214329729530892e+00,7.586163977779806708e-03
-8.215634901989590233e-01,4.194161695439486137e-01,1.546621783196885369e+00,8.222625185399982592e-03
-8.221549623676432939e-01,4.112148449184234167e-01,1.512946459724162418e+00,8.240087203422920975e-03
-8.226560642964271253e-01,4.029900085080755923e-01,1.494430768575020441e+00,8.783325198015770260e-03
-8.230686227155150636e-01,3.942163777268688496e-01,1.486423637935521791e+00,8.797798776262492557e-03
-8.233762547767269346e-01,3.854239590708606888e-01,1.482973418548755085e+00,9.319961414702369537e-03
-8.235679559045171461e-01,3.761059694030651213e-01,1.490779957959615265e+00,9.329882115737705289e-03
-8.236393485161187522e-01,3.667763604408110778e-01,1.496099115705370908e+00,9.898754127722592111e-03
-8.235633700512531297e-01,3.568778979059533674e-01,1.358714292291791637e+00,9.902295762928935499e-03
-8.233490764614167512e-01,3.469779211567950439e-01,1.506364331986024929e+00,6.912513424850714842e-03
-8.231070379554301653e-01,3.400696464655019180e-01,1.651146060114698777e+00,6.911002768333208979e-03
-8.227964327960851643e-01,3.331656270782972773e-01,1.510234091625213049e+00,6.908305821313315102e-03
-8.224168178862514278e-01,3.262677591583510450e-01,1.549098367393583198e+00,7.198247221337084577e-03
-8.219384496475641289e-01,3.190854247963415546e-01,1.504042989020818899e+00,7.192315234285503664e-03
-8.213841906975503093e-01,3.119144976982833883e-01,1.557051828276783123e+00,7.185020651918358134e-03
-8.207536197227819352e-01,3.047572005817544838e-01,1.593506560006448636e+00,7.554789684663608916e-03
-8.199976857622832682e-01,2.972403254978606135e-01,1.548905799156594432e+00,7.543232699519029048e-03
-8.191563654527811433e-01,2.897441571635772650e-01,1.590631924687155418e+00,7.530101680343328531e-03
-8.182292951932249592e-01,2.822713416265687503e-01,1.625699998164990445e+00,7.773366696849247012e-03
-8.171730297088876105e-01,2.745700733524282788e-01,1.604951045566924028e+00,7.755631453830635208e-03
-8.160243835152110048e-01,2.668999735376019200e-01,1.650300672639384514e+00,7.736196859145752676e-03
-8.147830973277375710e-01,2.592640092602991331e-01,1.685760298136313118e+00,7.951220533397113099e-03
-8.134007609427843510e-01,2.514338717078962171e-01,1.675432804957329935e+00,7.926737664208774459e-03
-8.119196442754029741e-01,2.436467372275632204e-01,1.730884406836706635e+00,7.900477481990748896e-03
-8.103396356544796397e-01,2.359058640725986700e-01,1.770225348444087077e+00,8.125533751663499560e-03
-8.085988156187381426e-01,2.279689979182160930e-01,1.763202859349731089e+00,8.093574223377839744e-03
-8.067526128543417441e-01,2.200888025486797961e-01,1.812244897998161797e+00,8.059801439443037632e-03
-8.048011109438573119e-01,2.122688255962442150e-01,1.851372820047142653e+00,8.212266668314090884e-03
-8.026909588782895622e-01,2.043322909562591549e-01,1.861691215249306142e+00,8.173074776722679888e-03
-8.004709294093900196e-01,1.964665029815475250e-01,1.916848254353500369e+00,8.132156934984638083e-03
-7.981413696381173262e-01,1.886751534394408014e-01,1.958980213622159461e+00,8.252436420861427452e-03
-7.956492811274247234e-01,1.808079937400808024e-01,1.979486816576131902e+00,8.206323671327739669e-03
-7.930441255702828096e-01,1.730261615187021762e-01,2.109793337610787578e+00,8.158644502310900826e-03
-7.903265133052974623e-01,1.653334335440309610e-01,2.092874919952213197e+00,9.297453524835358127e-03
-7.870683417855505182e-01,1.566255658145357943e-01,2.073584552382583546e+00,9.230631630307245192e-03
-7.836643673074372707e-01,1.480455006605417845e-01,2.184085722427466347e+00,9.262298825682743070e-03
-7.800749771153026035e-01,1.395069728257888053e-01,2.239539022543465485e+00,9.190416812256086906e-03
-7.763395250869499220e-01,1.311099400565973461e-01,2.298634541408650644e+00,9.201881838374554104e-03
-7.724222439009522656e-01,1.227835039956384766e-01,2.357857696667764458e+00,9.125911904024357549e-03
-7.683598713508406064e-01,1.146116377862519825e-01,2.420495785115490683e+00,9.118415682580406634e-03
-7.641215370177343313e-01,1.065380991171713115e-01,2.483864428739290808e+00,9.039490760863005264e-03
-7.597403409373777450e-01,9.863129735405648524e-02,2.539695908681375069e+00,9.090678285642401699e-03
-7.551533193599708760e-01,9.078275196389315460e-02,2.603988525209720351e+00,9.008708472891216457e-03
-7.504245551270091186e-01,8.311492194630645813e-02,2.687935618124954296e+00,8.926759052789527346e-03
-7.455570029498790330e-01,7.563201054836274362e-02,2.756149425859331981e+00,8.845101981024209095e-03
-7.405537908840063022e-01,6.833792403402635940e-02,2.824475103681810761e+00,8.764009182567153791e-03
-7.354183145140134048e-01,6.123618203608205413e-02,2.892939428926616596e+00,8.683722303448944413e-03
-7.301538134045827411e-01,5.433023813881356079e-02,2.959332109460421467e+00,8.604499124566405630e-03
-7.247640019246925913e-01,4.762297808750286243e-02,3.008989384150935642e+00,8.526569432086605546e-03
-7.192526337405711345e-01,4.111704179675673698e-02,3.044218946040752716e+00,8.523160809878612201e-03
-7.135788690096475095e-01,3.475680092323804593e-02,3.101079254342005154e+00,8.447751330503731892e-03
-7.077888634516129596e-01,2.860535083566059789e-02,3.169084079042352009e+00,8.356943977537374321e-03
-7.019027080865745116e-01,2.267309260945978011e-02,3.215106840643424224e+00,8.285346918616733752e-03
-6.959099164821382910e-01,1.695177961787903975e-02,3.260300360428636246e+00,8.186677892198812936e-03
-6.898406103469026940e-01,1.145767205182171566e-02,3.297458939449758208e+00,8.120157908175910585e-03
-6.836742587582681496e-01,6.174389687698442208e-03,3.331056174723527441e+00,8.014556818598387797e-03
-6.774521430949562717e-01,1.122815906102164751e-03,3.364822054230636184e+00,7.953422240396874204e-03
-6.711432113588893245e-01,-3.720148649176649447e-03,3.391334566527309580e+00,7.861724373835619201e-03
-6.647825268852212144e-01,-8.340581870920960039e-03,3.396204153381442215e+00,7.805876331412900382e-03
-6.583450847150227325e-01,-1.275544807576368261e-02,3.401138729480065681e+00,7.687206189331983498e-03
-6.518953552984018129e-01,-1.693804648460939949e-02,3.400618597167440971e+00,7.636848711096759501e-03
-6.453794542071769058e-01,-2.092107186810299516e-02,3.395851410110458879e+00,7.512571478702239312e-03
-6.388731918957254452e-01,-2.467703791656464946e-02,3.380550914326227563e+00,7.467351007152864782e-03
-6.323112270306592286e-01,-2.824101717768043307e-02,3.362225458228184749e+00,7.335675727514948292e-03
-6.257822288259498045e-01,-3.158531393815984523e-02,3.348222587174364495e+00,7.295166680620848373e-03
-6.192075743392226883e-01,-3.474654396430466863e-02,3.325705806416841437e+00,7.176677833886935427e-03
-6.126687167894194763e-01,-3.770425366520258059e-02,3.277265077051600528e+00,7.139913044633022440e-03
-6.060938745111544845e-01,-4.048810123661521210e-02,3.228964006308559398e+00,6.997084333126929456e-03
-5.995922574509423564e-01,-4.307424987256963655e-02,3.180826577143942124e+00,6.963650300788303167e-03
-5.930638732889633724e-01,-4.549759998043498288e-02,3.130483319848073265e+00,6.814397724175640277e-03
-5.866279541872372327e-01,-4.773701098766137962e-02,3.073759027705055491e+00,6.783618195596812991e-03
-5.801737303583958116e-01,-4.982518497247388767e-02,3.014890210179810293e+00,6.627660822164746501e-03
-5.738300378644579647e-01,-5.174441750554904795e-02,2.962978923099771400e+00,6.598909964504324523e-03
-5.674757014591793602e-01,-5.352431120130322212e-02,2.907334532358407220e+00,6.449197707218101185e-03
-5.612354120076595843e-01,-5.515248153269924208e-02,2.826548133133693241e+00,6.421839145074229038e-03
-5.549912856008200057e-01,-5.665278264268228808e-02,2.746567280973341241e+00,6.251593216462114459e-03
-5.488900367989199003e-01,-5.801556685209610653e-02,2.672015103739787012e+00,6.225280345521800977e-03
-5.427909057189161945e-01,-5.926244914376314898e-02,2.596277746570335943e+00,6.048221757005127312e-03
-5.368483866435607155e-01,-6.038826149977388758e-02,2.517299923260898797e+00,6.022609462800669264e-03
-5.309130546191865863e-01,-6.140985755588171391e-02,2.437185811650052880e+00,5.838460459443218023e-03
-5.251470205593822271e-01,-6.232663002365001342e-02,2.371519980582553089e+00,5.813306153874259544e-03
-5.193923845950514373e-01,-6.315045849894264374e-02,2.302544702243661590e+00,5.647949718475081711e-03
-5.137926076447599799e-01,-6.388655233087391083e-02,2.201889252328349755e+00,5.623095516196149890e-03
-5.082075550894482596e-01,-6.453953865436871939e-02,2.099996192277125751e+00,5.425889583030918395e-03
-5.028126190424705433e-01,-6.511828109817588417e-02,2.006376577737019939e+00,5.401051889838531447e-03
-4.974353195544247153e-01,-6.562425711795394356e-02,1.910243142042572950e+00,5.198546715904684562e-03
-4.922559902381195007e-01,-6.607083946277372832e-02,2.251385079610094486e+00,5.173669987249827559e-03
-4.870965479745894555e-01,-6.645426698691564438e-02,1.430905101978106275e+00,9.907317175047931565e-03
-4.772086981641425196e-01,-6.707504048268059238e-02,1.296655781976120858e+00,6.271242744422924134e-03
-4.709459137640836790e-01,-6.740064318208094374e-02,1.637596332839231339e+00,6.227878261350947020e-03
-4.647228520960937637e-01,-6.764553318718991015e-02,1.185457448628094879e+00,5.843131728943351533e-03
-4.588836565702942294e-01,-6.785997202058352551e-02,1.005293594227001153e+00,5.800077058239162461e-03
-4.530855325849814652e-01,-6.801047827445055871e-02,8.059437448399010551e-01,5.409503466897412627e-03
-4.476779703183533798e-01,-6.815538545479457588e-02,7.776171621634300202e-01,5.366626108582004707e-03
-4.423121947610931248e-01,-6.825092842116275982e-02,1.981269789245141966e-01,9.916278427680176588e-03
-4.323975353651350884e-01,-6.843011245342087157e-02,3.788545564973404556e-01,9.018043006862559025e-03
-4.233814104223929675e-01,-6.861609817998637340e-02,1.086954081358799229e+00,8.114684135377629726e-03
-4.152704214267864957e-01,-6.886095758883178930e-02,2.262326312514716609e+00,7.235098792063299200e-03
-4.080431702546449269e-01,-6.919784781679058638e-02,4.229910763897135162e+00,6.325143800245049998e-03
-4.017358490264881232e-01,-6.967234019673039513e-02,7.453627412510848593e+00,5.410389331514148421e-03
-3.963636372416660114e-01,-7.031394229895616965e-02,1.322692191647353432e+01,4.550528389504743428e-03
-3.918876354123623784e-01,-7.113413511028723879e-02,2.566470267692088925e+01,3.665504349226226047e-03
-3.883689134619086047e-01,-7.216103236395537968e-02,5.373362554827495785e+01,2.836131703719926064e-03
-3.858207402376848671e-01,-7.340620554877526349e-02,1.189730429572180554e+02,2.164570269494328538e-03
-3.842188163909648901e-01,-7.486195430487592450e-02,2.342268250653241068e+02,1.788168040932523132e-03
-3.836077396664645534e-01,-7.654246916032540760e-02,2.734979068502276505e+02,1.941507959650782102e-03
-3.839986924440528249e-01,-7.844420759740958204e-02,1.707813678432799520e+02,2.497423876110975785e-03
-3.853533901408419671e-01,-8.054228294574275471e-02,8.017419322693253037e+01,3.295797262809078802e-03
-3.877177268692995060e-01,-8.283840825417139453e-02,3.797549283879414617e+01,4.186642567324803423e-03
-3.910937964244587395e-01,-8.531431825763738375e-02,2.018627432121093435e+01,5.055275425188721604e-03
-3.954204092121738068e-01,-8.792893704623687412e-02,1.235154586177564440e+01,5.985926139158870112e-03
-4.007411542188880071e-01,-9.067137835226173059e-02,8.253643042331335167e+00,6.911912363593415015e-03
-4.070437331866358366e-01,-9.350898841661134386e-02,5.947862503903858844e+00,7.801043314040749695e-03
-4.142871685862348219e-01,-9.640535172244439621e-02,4.667706721494983668e+00,8.690523710256236115e-03
-4.224749219478294293e-01,-9.931840806385319742e-02,3.707119560723548091e+00,9.548458738352326447e-03
-4.315777387352783268e-01,-1.022014257211275035e-01,3.306279858206197630e+00,7.782835017184739843e-03
-4.390682884416614029e-01,-1.043142877613282837e-01,3.208073614006745178e+00,7.929434949164633137e-03
-4.467362525194478184e-01,-1.063337593542977577e-01,2.881606070800946995e+00,8.631245264483489860e-03
-4.551444918649953930e-01,-1.082830940930366859e-01,2.724235939082602087e+00,8.760642251871798500e-03
-4.637141872642113749e-01,-1.101022074567218068e-01,2.629815186490255918e+00,9.322300659860812203e-03
-4.728841794183489822e-01,-1.117804605621549735e-01,2.355513379394472917e+00,9.431003362471223478e-03
-4.821934634481561122e-01,-1.132907768453623870e-01,2.636822344302884424e+00,6.653603737885695375e-03
-4.887858137369350264e-01,-1.141915322898882923e-01,2.758366657446860160e+00,6.694018729191925955e-03
-4.954307623645071157e-01,-1.150005715248454685e-01,2.471079783567738719e+00,6.732289222940940690e-03
-5.021251188987403413e-01,-1.157142302485332369e-01,2.692776343610519874e+00,6.989827012648254512e-03
-5.090898590383353683e-01,-1.163059028392969679e-01,2.483371543200815879e+00,7.021147862111292229e-03
-5.160944426007829655e-01,-1.167879053479199958e-01,2.548390091620359232e+00,7.050599767610407805e-03
-5.231354050483209006e-01,-1.171564225054426145e-01,2.750685638728451288e+00,7.321930953222826992e-03
-5.304540790262541883e-01,-1.173747893721708013e-01,2.580034580898974195e+00,7.345448069162470103e-03
-5.377989900310852223e-01,-1.174636131745811218e-01,2.632082723228168497e+00,7.367512651955630647e-03
-5.451663675658902086e-01,-1.174189932644837953e-01,2.810638564024083408e+00,7.552544152164237384e-03
-5.527156883497694739e-01,-1.171983603737381530e-01,2.696555131261356486e+00,7.569918025756806543e-03
-5.602766602323944189e-01,-1.168304431183221914e-01,2.774287338017366711e+00,7.586484051635167605e-03
-5.678453646980736735e-01,-1.163113545161340301e-01,2.942640519977091529e+00,7.785110781832153305e-03
-5.755967141094654460e-01,-1.155871085717783409e-01,2.842286029309265771e+00,7.798736646651525418e-03
-5.833444705838686239e-01,-1.146968485551713296e-01,2.899113230257497786e+00,7.812213457502927179e-03
-5.910844135096980922e-01,-1.136366775262839107e-01,3.049958778414930460e+00,7.915073293103215210e-03
-5.988960945476531350e-01,-1.123615208314226871e-01,2.983340301385390525e+00,7.927719735529439177e-03
-6.066890365011542441e-01,-1.109059123969646787e-01,3.051653844758673184e+00,7.941238523921109391e-03
-6.144591759005628706e-01,-1.092663383646116232e-01,3.188343893018806163e+00,8.083575026620184317e-03
-6.223203021600706153e-01,-1.073830223680047602e-01,3.117446328139220402e+00,8.098273544340587812e-03
-6.301471008357966141e-01,-1.053037780609017149e-01,3.158567598402123977e+00,8.114802137294407566e-03
-6.379355862612542394e-01,-1.030257287846848835e-01,3.276005544433332695e+00,8.166053093578240149e-03
-6.457058737085308309e-01,-1.005143434869190111e-01,3.220729469122859623e+00,8.185853767395785685e-03
-6.534278252411267474e-01,-9.779778934068386609e-02,3.259400392044701444e+00,8.208106583785009652e-03
-6.610973467154747096e-01,-9.487350241131282946e-02,3.355217955978015532e+00,8.313077380339983780e-03
-6.687756242698468245e-01,-9.168739046576765417e-02,3.283425437306130235e+00,8.340558703776805582e-03
-6.763910430348070157e-01,-8.828587366800827452e-02,3.287530189530304181e+00,8.371257572356897991e-03
-6.839397128923824232e-01,-8.466709808446137853e-02,3.359691702199700813e+00,8.388092799271674657e-03
-6.913942785744863206e-01,-8.082137951696424794e-02,3.295609332565571759e+00,8.424757700800823354e-03
-6.987738043058839832e-01,-7.675700474378663318e-02,3.290252474802744853e+00,8.464970358508414408e-03
-7.060746177995522732e-01,-7.247286591537582812e-02,3.335524263873921758e+00,8.546991134911387927e-03
-7.133155955272466597e-01,-6.793201808624879656e-02,3.249203431132907216e+00,8.594374149082057573e-03
-7.204691454352594171e-01,-6.316861691397906986e-02,3.210351156799492234e+00,8.645480675907859722e-03
-7.275316937752923652e-01,-5.818216055076941284e-02,3.231953186712169135e+00,8.648781084670854880e-03
-7.344503885587059244e-01,-5.299245181669517968e-02,3.150498575226802878e+00,8.706194536261322239e-03
-7.412720822794878206e-01,-4.758298621618792246e-02,3.104922616265894053e+00,8.767174355786338732e-03
-7.479936100511307417e-01,-4.195409550843825358e-02,3.106248575561555203e+00,8.831717583684856737e-03
-7.546021057823212308e-01,-3.609516901557240087e-02,3.006865051090932717e+00,8.899157913337058315e-03
-7.611038979564076490e-01,-3.001884528394830470e-02,2.933751003761180698e+00,8.969810513498195290e-03
-7.674960663392085269e-01,-2.372617621478666922e-02,2.922103878187151782e+00,8.935547328988565838e-03
-7.736933911551661103e-01,-1.728900515957064454e-02,2.834067766311275882e+00,9.010051384588192713e-03
-7.797780183509186447e-01,-1.064383113313399631e-02,2.761674047396474485e+00,9.087154977076824028e-03
-7.857473855286423170e-01,-3.792331948654192875e-03,2.736659291159973417e+00,9.130827411871104277e-03
-7.915672736208628768e-01,3.243356490966062267e-03,2.637963755303160518e+00,9.211685641380857117e-03
-7.972679005970302324e-01,1.047923960460293846e-02,2.552123987911859349e+00,9.294438702007336295e-03
-8.028467839401638440e-01,1.791312495676422589e-02,2.524159416809111267e+00,9.227380210482164988e-03
-8.082076600705124791e-01,2.542348797487833933e-02,2.441743602336352570e+00,9.310469105899844486e-03
-8.134465756554193350e-01,3.312014948920619095e-02,2.363708160118541013e+00,9.394779143691956574e-03
-8.185616327058545805e-01,4.100038213358554728e-02,2.331250215958582839e+00,9.409784222193918676e-03
-8.235065302400832454e-01,4.900613178519400148e-02,2.245033855524935618e+00,9.494429876397317974e-03
-8.283258202612483467e-01,5.718651333923684826e-02,2.161394934767325804e+00,9.579613809817979012e-03
-8.330178770312945957e-01,6.553837564724447617e-02,2.131956951358819019e+00,9.471035020373568328e-03
-8.374850040803516471e-01,7.388973962474691681e-02,2.064461627537020227e+00,9.553156581884651721e-03
-8.418270623682063691e-01,8.239910684580854794e-02,1.993360233653125091e+00,9.635188742674832482e-03
-8.460427498017643044e-01,9.106310370462085413e-02,1.964346389243731617e+00,9.613666772438991120e-03
-8.500813827940389977e-01,9.978732472229388806e-02,1.895856905213276322e+00,9.693145159106230160e-03
-8.539939984773802228e-01,1.086557237655246810e-01,1.823059312470944882e+00,9.772025796750547638e-03
-8.577794507023113191e-01,1.176647658691626908e-01,1.798018153818750520e+00,9.625196435548535531e-03
-8.613503686806318616e-01,1.266030515669351320e-01,1.746995275503775202e+00,9.698787948869547551e-03
-8.647982042957110815e-01,1.356683103745218444e-01,1.688291240364227175e+00,9.771345753139154197e-03
-8.681221704633660385e-01,1.448569145527240920e-01,1.666883987315454618e+00,9.708262462017806446e-03
-8.712731985099462229e-01,1.540395820454023013e-01,1.615191404639505945e+00,9.776405291035293252e-03
-8.743024236305269037e-01,1.633348440418941616e-01,1.554243553802386879e+00,9.843174253800941742e-03
-8.772092844085457308e-01,1.727390048129521238e-01,1.538248383469256186e+00,9.635930762688892093e-03
-8.799148313188115411e-01,1.819873115541715825e-01,1.502856471324947929e+00,9.696188471728801536e-03
-8.825037724779514203e-01,1.913314784273496272e-01,1.454476787533829363e+00,9.754889351209593620e-03
-8.849757519737911915e-01,2.007679599552545102e-01,1.440982506201371027e+00,9.649655861651906114e-03
-8.872880638401481335e-01,2.101364748899182677e-01,1.403853980636136978e+00,9.703188452232704153e-03
-8.894867348946231544e-01,2.195872797092844886e-01,1.353477760064305979e+00,9.755014261094612296e-03
-8.915715704620423843e-01,2.291169052995678246e-01,1.344394550582514558e+00,9.499561970731559488e-03
-8.934802001201912480e-01,2.384227534857249475e-01,1.321641684401338335e+00,9.544865140092201328e-03
-8.952817696535919634e-01,2.477960558791650336e-01,1.282800950832855946e+00,9.588461927648648381e-03
-8.969762148972937332e-01,2.572336115719312533e-01,1.276104181707936380e+00,9.442974052165601512e-03
-8.985302120351794652e-01,2.665478400340914877e-01,1.250518538846670413e+00,9.481504806211253980e-03
-8.999812407783951418e-01,2.759176558794840250e-01,1.208116207329873237e+00,9.518306163884691223e-03
-9.013293622864304577e-01,2.853400080608142209e-01,1.204546274195704036e+00,9.220024527773524811e-03
-9.025313068899508684e-01,2.944813526808804371e-01,1.192108150757493545e+00,9.251066342215818680e-03
-9.036376047352741026e-01,3.036660319646394268e-01,1.160448434700012132e+00,9.280484711253759317e-03
-9.046484022750831411e-01,3.128913062049712979e-01,1.158778641881817117e+00,9.100481937721569339e-03
-9.055419057731357579e-01,3.219478189443077953e-01,1.142330337818532326e+00,9.125498382974590525e-03
-9.063444891758566380e-01,3.310379553909926775e-01,1.105634421277034152e+00,9.148960681073571924e-03
-9.070563671299112229e-01,3.401591785174358229e-01,1.110804170127708490e+00,8.743179936061029264e-03
-9.076492585127202695e-01,3.488822327533402934e-01,1.107061086089005997e+00,8.761705682107412060e-03
-9.081600858031049217e-01,3.576290345653897473e-01,1.076602502831314645e+00,8.778903617752402411e-03
-9.085891638763035072e-01,3.663974460941038513e-01,1.065442980315497223e+00,8.794742992754180436e-03
-9.089367599113085117e-01,3.751853173553961751e-01,1.055071133318964183e+00,8.809210502771584392e-03
-9.092031821698405292e-01,3.839904981520805838e-01,1.080548321209269913e+00,8.822332474447615314e-03
-9.093887216135221330e-01,3.928108794026009543e-01,1.044713148291620097e+00,9.860226279740863867e-03
-9.094990082920353380e-01,4.026704888845345498e-01,1.003672555740554584e+00,9.873219852776020725e-03
-9.095094641778124211e-01,4.125437032008402172e-01,1.017712105201907358e+00,9.884172834925080559e-03
-9.094205570746054512e-01,4.224274761726192762e-01,1.009546170830594392e+00,9.893287422003398113e-03
-9.092328170785403119e-01,4.323189821099499563e-01,9.819275914943236261e-01,9.900581828241017748e-03
-9.089467997203805050e-01,4.422154317060691398e-01,9.941520824427088066e-01,9.128433295361252850e-03
-9.085969007419550936e-01,4.513371566050538020e-01,1.009518695177312742e+00,9.131707214392386848e-03
-9.081645100346747990e-01,4.604586211215469516e-01,9.833683801262004254e-01,9.133608338502463564e-03
-9.076501161786115768e-01,4.695777329336702222e-01,9.785446973199347642e-01,9.134156263316612484e-03
-9.070542237798284724e-01,4.786924311125326792e-01,9.463851743652984538e-01,9.133371564077319080e-03
-9.063772794549094236e-01,4.878006813565947120e-01,9.559967496578196666e-01,8.323851802099335034e-03
-9.056921300705150779e-01,4.960962873708878451e-01,9.819027864921017201e-01,8.321124870235415902e-03
-9.049405580812802663e-01,5.043834013830785779e-01,9.628870179203393720e-01,8.317438626687637462e-03
-9.041229908122339065e-01,5.126605608638001854e-01,9.600880225493090281e-01,8.312810507952501579e-03
-9.032398649649902023e-01,5.209263280562062004e-01,9.705069466680066315e-01,8.307258583756232245e-03
-9.022916262768916340e-01,5.291792904678366272e-01,9.254882793606349356e-01,9.330267216034845990e-03
-9.011534107606991029e-01,5.384398709983062581e-01,9.135543169148232501e-01,9.320842949146630405e-03
-8.999341605263622146e-01,5.476806254127859486e-01,9.514067062691703436e-01,9.310193860937459806e-03
-8.986345484535943617e-01,5.568996664794345630e-01,9.008937451923995088e-01,9.298352452484328831e-03
-8.972552594660622161e-01,5.660951501654346574e-01,8.996547645594432652e-01,8.212696393091857908e-03
-8.959765805514475767e-01,5.742076936801668863e-01,9.510603385907225871e-01,8.201766568653307693e-03
-8.946366219693333566e-01,5.822992624925108496e-01,9.473172813230101852e-01,8.190078149847554445e-03
-8.932358803602864494e-01,5.903686678637445340e-01,9.384534599845476555e-01,8.177652637467282618e-03
-8.917748582851823258e-01,5.984147487206048499e-01,8.686670839571296598e-01,9.418180092444864218e-03
-8.900277551571003087e-01,6.076694635683768109e-01,8.810010662764321543e-01,9.399771421462688875e-03
-8.882018982676078700e-01,6.168901983219005070e-01,8.567823615873542131e-01,9.380335450208315135e-03
-8.862980799779139884e-01,6.260753041502653549e-01,8.223988420734087423e-01,7.864088904656828596e-03
-8.846556990075595817e-01,6.337659789612662964e-01,9.178611619093517415e-01,7.849435581655885008e-03
-8.829593247160222313e-01,6.414299174535544878e-01,8.704968643597696953e-01,7.834237173323944578e-03
-8.812094414756945771e-01,6.490662242004781035e-01,7.392994353050448275e-01,9.401648944635132565e-03
-8.790674951270553983e-01,6.582206258039533520e-01,6.181152097445654636e-01,9.379423394452766904e-03
-8.768494624041700547e-01,6.673340178207941564e-01,5.636859864331091874e-01,7.002495184367824900e-03
-8.751834713293569212e-01,6.741354450640819618e-01,2.978429548095832824e-01,6.991642985122677179e-03
-8.734751893084256036e-01,6.809151828295400000e-01,9.271976653387201672e-01,9.142151127495855290e-03
-8.712929955461297116e-01,6.897930743371993856e-01,1.286062202420698419e+01,4.216443089035623766e-03
-8.704489429017058244e-01,6.939241719463726810e-01,5.934405911656879198e+02,9.864192869085968048e-04
-8.710527910334817658e-01,6.931441780724634238e-01,2.819589326799193145e+02,6.091418370005455447e-03
-8.730996928864044326e-01,6.874069687715104182e-01,6.765471272776245826e+00,5.693849710101890442e-03
-8.748328357487098472e-01,6.819833039275080555e-01,2.912244999676255386e+00,5.682768811599728763e-03
-8.765328463165212858e-01,6.765607744960139280e-01,1.716279821805579697e+00,8.412598390045364360e-03
-8.789095712531652671e-01,6.684908928210617773e-01,1.277555721707072989e+00,8.406402924983145952e-03
-8.812189908877947619e-01,6.604079359927499393e-01,1.324258513899620571e+00,7.547387264280613905e-03
-8.831946868521411975e-01,6.531237284192735748e-01,1.188650049821625476e+00,7.547984628000105681e-03
-8.851176988344540142e-01,6.458248177566878745e-01,1.153560962134132950e+00,7.547909449963221412e-03
-8.869878881342634358e-01,6.385122717535695047e-01,1.169984419865480074e+00,9.477364500950781132e-03
-8.892277305885039063e-01,6.293033878003391202e-01,9.895489672206808640e-01,9.481065959711041866e-03
-8.913851864399576774e-01,6.200710535352997876e-01,9.939759519745117178e-01,9.483472899792419128e-03
-8.934599070835310686e-01,6.108173087532006162e-01,1.094804731313606005e+00,8.584818649487948802e-03
-8.952439737030788436e-01,6.024199152563105564e-01,1.052238371425342267e+00,8.588053596237715456e-03
-8.969603982562521782e-01,5.940051335404776811e-01,9.450081573225344034e-01,8.590317048602951616e-03
-8.986088986667362111e-01,5.855744755950885727e-01,9.881106777288151122e-01,8.591588119371003363e-03
-9.001892131786156659e-01,5.771294775218821504e-01,1.068272832446351961e+00,8.063188354880948192e-03
-9.015935126716302372e-01,5.691895184930075846e-01,1.024839820851783045e+00,8.064708991495094653e-03
-9.029376666060379142e-01,5.612376142356539921e-01,9.425317946090480126e-01,8.065393367224586371e-03
-9.042214446855297849e-01,5.532750465586614430e-01,9.425836520730727086e-01,8.065227483551314774e-03
-9.054446282749279984e-01,5.453031135265757889e-01,1.037050393784768598e+00,8.064197985909737909e-03
-9.066070106190782241e-01,5.373231287871192974e-01,1.045019921727858181e+00,9.285468864089329449e-03
-9.078539923167956438e-01,5.281217718941643158e-01,9.575608539618976067e-01,9.283823545201836877e-03
-9.090200271404420551e-01,5.189114655795791231e-01,9.459488814950672841e-01,9.280827364595994194e-03
-9.101047971515996426e-01,5.096942517600820954e-01,9.476979898730740759e-01,9.276460366512140343e-03
-9.111080052513024219e-01,5.004721971928958180e-01,9.604879627062009595e-01,9.270704051734000167e-03
-9.120293755967509020e-01,4.912473920295676866e-01,1.019001777599843894e+00,8.490588888898871478e-03
-9.127917237273931450e-01,4.827910970366053878e-01,1.013352305592802871e+00,8.484674441132872627e-03
-9.134850025632195170e-01,4.743347937764444411e-01,9.917157056933614268e-01,8.477666421259039825e-03
-9.141090160670214404e-01,4.658801243507829093e-01,1.001768627579510795e+00,8.908641204718245957e-03
-9.146842862146736808e-01,4.569900764110008118e-01,9.729908239584634799e-01,8.899110629901733210e-03
-9.151825475802746190e-01,4.481049255617028937e-01,1.006381964157424980e+00,8.888282186650772049e-03
-9.156036062607122439e-01,4.392266222430973865e-01,1.015959129161326802e+00,9.408329562451463873e-03
-9.159584600129243581e-01,4.298249870677547935e-01,9.863054916890328094e-01,9.393990992717085250e-03
-9.162261934424071885e-01,4.204348121182670539e-01,1.016375727297258669e+00,9.378080824427606488e-03
-9.164066099894211392e-01,4.110584668910977624e-01,1.028395916667944388e+00,9.788690477030910497e-03
-9.164952652494625651e-01,4.012701778935260921e-01,1.007179665626728227e+00,9.768562285266136833e-03
-9.164880581008406635e-01,3.915016182669417977e-01,9.722264482014036924e-01,9.746635431771736441e-03
-9.163848374257442808e-01,3.817555294241238295e-01,1.058139263825540022e+00,7.677107374463018608e-03
-9.162300494699439080e-01,3.740799826470027623e-01,1.119992267691418686e+00,7.661944610451929850e-03
-9.160152746397582924e-01,3.664210488448373382e-01,1.034106960421295573e+00,7.645901241730705851e-03
-9.157404651072268420e-01,3.587800878110976033e-01,1.074362666895367413e+00,7.628979648263554958e-03
-9.154055850672542238e-01,3.511584616176630647e-01,1.092722809291547748e+00,7.917813486343235757e-03
-9.149883153658837642e-01,3.432516508572592828e-01,1.070552193254290074e+00,7.898044509393123067e-03
-9.145059379697993984e-01,3.353683508426650306e-01,1.070771534237430211e+00,7.877301391062642086e-03
-9.139584407132332888e-01,3.275100988767574717e-01,1.117128628349506991e+00,7.855590743029723655e-03
-9.133458258759854509e-01,3.196784318139184178e-01,1.136333487359378003e+00,8.209785596771058611e-03
-9.126280554592821614e-01,3.115000832536126696e-01,1.113037189539542782e+00,8.184314788473099136e-03
-9.118387095648218255e-01,3.033539220953910820e-01,1.117393704862188031e+00,8.157760515010641783e-03
-9.109778257072005392e-01,2.952417130495174624e-01,1.161061701623439690e+00,8.130135740840798569e-03
-9.100454592077124039e-01,2.871652162919418605e-01,1.184468468403039321e+00,8.387073257462861892e-03
-9.089994697743503105e-01,2.788436236600387863e-01,1.169349059313631756e+00,8.355678140264425138e-03
-9.078769433694928725e-01,2.705636905894100996e-01,1.175761103407295005e+00,8.323138094135099779e-03
-9.066779728175601294e-01,2.623273626849589313e-01,1.225768432406388664e+00,8.289484399164197964e-03
-9.054026854596353147e-01,2.541365633491978748e-01,1.251948911270650555e+00,8.579631539635680648e-03
-9.039903428993675272e-01,2.456739771104427539e-01,1.237377037424051140e+00,8.541430690393944300e-03
-9.024957528848430721e-01,2.372643255762061920e-01,1.248066545254915560e+00,8.502060202086558077e-03
-9.009191107389024067e-01,2.289097323949945695e-01,1.298351462667048484e+00,8.461552163084683567e-03
-8.992606362202718584e-01,2.206123034390072846e-01,1.329867672621107610e+00,8.676871224124908799e-03
-8.974602746799295039e-01,2.121242652343275359e-01,1.323039288221618870e+00,8.631995700239609298e-03
-8.955733171726788511e-01,2.037010389441946678e-01,1.336774212578402787e+00,8.586011057529414556e-03
-8.936001401095823304e-01,1.953448341742236027e-01,1.394868383365077902e+00,8.538944015758959810e-03
-8.915410746032045308e-01,1.870578676517432037e-01,1.430776819013926726e+00,8.775576007299138934e-03
-8.893164693779502805e-01,1.785689415799920909e-01,1.424800829943220881e+00,8.723633964491602638e-03
-8.870007096147730641e-01,1.701582908164850916e-01,1.443647693213552463e+00,8.670662364858076898e-03
-8.845942383243785567e-01,1.618282679009179770e-01,1.504683530882384934e+00,8.616723940247534089e-03
-8.820975330848520590e-01,1.535811839065987783e-01,1.547670589917292006e+00,8.783685700215072834e-03
-8.794364009065830379e-01,1.452103111916458189e-01,1.549360222446056534e+00,8.725543983698028083e-03
-8.766811492215800250e-01,1.369311985602258974e-01,1.571996557267164807e+00,8.666568677164187065e-03
-8.738323696308298860e-01,1.287462204002471633e-01,1.642480703278295318e+00,8.606838276412917196e-03
-8.708906882227203106e-01,1.206576991751091010e-01,1.691591547401579909e+00,8.785533535465137392e-03
-8.677634863787917485e-01,1.124475707881645720e-01,1.695097924470562845e+00,8.721614466318187986e-03
-8.645392394165004601e-01,1.043438191615877753e-01,1.723034343962268844e+00,8.657069033161251398e-03
-8.612188089860777218e-01,9.634884661619137758e-02,1.797832981096491256e+00,8.592109969568209257e-03
-8.578029585893662823e-01,8.846491867407776932e-02,1.855232466965881288e+00,8.709369620730156303e-03
-8.542094319655770818e-01,8.053146510109862599e-02,1.866151360518686353e+00,8.641453861522660831e-03
-8.505178923725876805e-01,7.271819048195099500e-02,1.897752906258303174e+00,8.573381295582651815e-03
-8.467293021959716448e-01,6.502732243516362587e-02,1.983812188766633344e+00,8.505266580904018506e-03
-8.428446636745831055e-01,5.746100608105927238e-02,2.047207655076877408e+00,8.644126358741305999e-03
-8.387587389758499601e-01,4.984351700248694506e-02,2.058023913526324744e+00,8.573423281288820516e-03
-8.345739240569867157e-01,4.236080954762778961e-02,2.094441867675649771e+00,8.503050375036522515e-03
-8.302914114883788166e-01,3.501492962891661342e-02,2.183205654690674624e+00,8.433140411172282414e-03
-8.259124280509986260e-01,2.780782471434120606e-02,2.255110452879847571e+00,8.505518694551093828e-03
-8.213544809158472848e-01,2.062667117354263779e-02,2.272208225449291685e+00,8.435080498368847240e-03
-8.166991177777734867e-01,1.359259859312195173e-02,2.308173454867690211e+00,8.365536147759996752e-03
-8.119477397999514956e-01,6.707353328692558514e-03,2.404330058548780791e+00,8.297021264195878626e-03
-8.071017900095973641e-01,-2.743193053325598818e-05,2.480583664631289764e+00,8.372401480030688611e-03
-8.020688869043863800e-01,-6.718245997324956420e-03,2.494340655198576062e+00,8.304558678028029634e-03
-7.969409046423432397e-01,-1.325043496864089509e-02,2.528877989470412313e+00,8.238211799881000469e-03
-7.917194728172709528e-01,-1.962262323922901730e-02,2.623612283947041046e+00,8.173517646262404637e-03
-7.864061657070798850e-01,-2.583351353503653136e-02,2.701218784548917728e+00,8.211944949417777570e-03
-7.809278820604508287e-01,-3.195106599818262061e-02,2.713082130797682900e+00,8.149821191880594548e-03
-7.753587633438493443e-01,-3.790123424622612175e-02,2.739759307410954303e+00,8.089757066063428537e-03
-7.697006522313419863e-01,-4.368309796188424299e-02,2.833404674884177687e+00,8.031862073644310124e-03
-7.639554307868374750e-01,-4.929587258088075075e-02,2.908488729949016083e+00,8.073544376708922943e-03
-7.580466072432667790e-01,-5.479750171538563114e-02,2.907141761428439164e+00,8.019486387654170198e-03
-7.520522333290841077e-01,-6.012475647733730999e-02,2.920735955053312072e+00,7.967851501492552099e-03
-7.459746118534540393e-01,-6.527734560793925500e-02,3.004238824605675262e+00,7.919107325513711354e-03
-7.398152838711464785e-01,-7.025478869042327268e-02,3.070943588931169366e+00,7.936493788417145132e-03
-7.335199592195911222e-01,-7.508767821793198294e-02,3.057423997276780714e+00,7.892767771029457480e-03
-7.271459851693737875e-01,-7.974259367307801050e-02,3.052221270773550099e+00,7.851857434694560142e-03
-7.206955959921632626e-01,-8.421966242811110281e-02,3.120645312118887293e+00,7.813784295829023438e-03
-7.141710579440759821e-01,-8.851915405861879305e-02,3.174121357932540910e+00,7.833984259267456896e-03
-7.075219475471971053e-01,-9.266169437882902649e-02,3.140724759277405909e+00,7.801626015928611602e-03
-7.008020825504901463e-01,-9.662512507942752626e-02,3.112898822488178840e+00,7.772117906133919028e-03
-6.940138743412429534e-01,-1.004101014406161285e-01,3.159509652756928855e+00,7.745481280363872983e-03
-6.871597269862762536e-01,-1.040174750421259814e-01,3.196020461423755954e+00,7.749748290601449902e-03
-6.802123192191517065e-01,-1.074514412453635159e-01,3.144788079851000173e+00,7.728901230794491851e-03
-6.732032563176051365e-01,-1.107085797867123772e-01,3.093803683120389447e+00,7.710721603145994328e-03
-6.661350551622101657e-01,-1.137900989036570581e-01,3.126717482484926869e+00,7.695117261937744514e-03
-6.590102537599984434e-01,-1.166973372244718699e-01,3.142575346058422703e+00,7.743017676801647320e-03
-6.517703761567903431e-01,-1.194429692161685930e-01,3.066024778476178270e+00,7.732487389153273535e-03
-6.444780703521245657e-01,-1.220146685132584008e-01,2.996781580397731570e+00,7.724232442067097484e-03
-6.371359878275159039e-01,-1.244141665901315474e-01,3.003926818591605041e+00,7.718074038249807950e-03
-6.297468766283753627e-01,-1.266434495570609442e-01,3.010281615038534309e+00,7.707139326723456453e-03
-6.223171493968892021e-01,-1.286926322886005891e-01,2.926248966790933270e+00,7.705157452328814834e-03
-6.148456615765880429e-01,-1.305758001293066961e-01,2.836900113968324977e+00,7.704823438382724619e-03
-6.073351163412024079e-01,-1.322951065254670544e-01,2.830772222680331129e+00,7.705997858088377284e-03
-5.997882086251060674e-01,-1.338528571196213879e-01,2.826914505260844646e+00,7.685056791079725169e-03
-5.922288520379597188e-01,-1.352371352240815117e-01,2.733579719386897366e+00,7.688920131712569800e-03
-5.846387061261917317e-01,-1.364656212150177350e-01,2.633605663929138530e+00,7.693852666523311526e-03
-5.770203311518813383e-01,-1.375406707975807830e-01,2.615965362750233059e+00,7.699323509907675216e-03
-5.693767130187253889e-01,-1.384651621954350875e-01,2.605208807707137364e+00,7.663226656322099511e-03
-5.617515345060242193e-01,-1.392278518017665001e-01,2.510302057040161738e+00,7.669820596210301551e-03
-5.541067467239182420e-01,-1.398470187781266083e-01,2.408721468080710526e+00,7.676863979632167836e-03
-5.464447830157780350e-01,-1.403250906314250646e-01,2.389781470707366129e+00,7.683867866732159609e-03
-5.387684397950436299e-01,-1.406650614402954191e-01,2.380266910899660360e+00,7.628015928596514929e-03
-5.311428795468359221e-01,-1.408586018956957120e-01,2.285243079197504024e+00,7.634651126717290417e-03
-5.235084916798748988e-01,-1.409220031849879040e-01,2.181019462198146908e+00,7.640874652501574230e-03
-5.158678836132295498e-01,-1.408581766454054807e-01,2.161859350027199422e+00,7.646539768675558041e-03
-5.082236577298858693e-01,-1.406700780586075394e-01,2.154900594338698738e+00,7.574182777693622658e-03
-5.006560386046281508e-01,-1.403548233600790673e-01,2.065348780578310173e+00,7.578228436026714088e-03
-4.930900838216998316e-01,-1.399236917661451640e-01,1.965882874330745711e+00,7.581322548354758016e-03
-4.855283061528061217e-01,-1.393796604541669981e-01,2.108706778194367804e+00,7.583342172481303406e-03
-4.779732125857913405e-01,-1.387257187911837275e-01,1.928492231650126065e+00,9.978182340069433054e-03
-4.680489008688996644e-01,-1.376902673159131063e-01,1.717638632354918427e+00,9.976429315420200575e-03
-4.581465541145537390e-01,-1.364767308960763148e-01,1.766494459498050285e+00,9.971324350779409151e-03
-4.482718380819816772e-01,-1.350920675490815681e-01,1.746642432135836476e+00,9.815995990274203886e-03
-4.385768802064516914e-01,-1.335553277946734396e-01,1.667511111491029263e+00,9.803451620021349719e-03
-4.289200791434218396e-01,-1.318659915655098214e-01,1.603190953325606349e+00,9.786899412133190368e-03
-4.193067899902083728e-01,-1.300307608552389582e-01,1.594366405398048192e+00,9.598532075262804567e-03
-4.099086779928024504e-01,-1.280795281976443434e-01,1.523502817147654342e+00,9.573807496217364224e-03
-4.005633939989192149e-01,-1.260002357583040744e-01,1.465374681400945622e+00,9.544692289042918526e-03
-3.912759579207025773e-01,-1.237991719278904029e-01,1.465229706327105808e+00,9.327840677036637260e-03
-3.822314894291543030e-01,-1.215174617356070408e-01,1.404232152626114560e+00,9.290475447383317320e-03
-3.732528380397111545e-01,-1.191306745089605462e-01,1.356390340588788712e+00,9.248560665758395749e-03
-3.643446740891740920e-01,-1.166446154954684511e-01,1.368444454301068536e+00,8.991669525882617711e-03
-3.557163211330893748e-01,-1.141144680436565473e-01,1.315945626085446074e+00,8.942106230292507299e-03
-3.471648159986561732e-01,-1.115004627319560043e-01,1.273323467004694898e+00,8.888024442039168735e-03
-3.386944648508882771e-01,-1.088078562037397556e-01,1.293947549542364905e+00,8.620482420867508003e-03
-3.305107059867403163e-01,-1.060988327594031416e-01,1.252089509775259124e+00,8.559781700603411037e-03
-3.224130235186564719e-01,-1.033244136475758440e-01,1.221601606046997190e+00,8.494453256584070730e-03
-3.144055495421642088e-01,-1.004896126591304645e-01,1.254746361134401855e+00,8.191247027736516667e-03
-3.067146748195907491e-01,-9.767057490289467181e-02,1.217925847957874952e+00,8.120163501989508675e-03
-2.991175445040355485e-01,-9.480340447414184468e-02,1.190785219876283607e+00,8.045320021367458052e-03
-2.916175075352365198e-01,-9.189194097396466421e-02,1.233310796606130300e+00,7.743783448574863629e-03
-2.844277914708328026e-01,-8.901545613797523515e-02,1.207786273687859513e+00,7.664616543746506118e-03
-2.773373542713811757e-01,-8.610477802397753511e-02,1.193809786856290467e+00,7.581662488357051276e-03
-2.703494813935021779e-01,-8.316347920713428044e-02,1.251947299452903506e+00,7.255785576617442868e-03
-2.636900781271894201e-01,-8.028272019769376600e-02,1.234790095651921105e+00,7.170244565605434980e-03
-2.571337225892779688e-01,-7.737985795654415966e-02,1.223325138573215121e+00,7.081276350006517756e-03
-2.506833775169618472e-01,-7.445795392095216902e-02,1.290659927995796430e+00,6.768794395959299055e-03
-2.445443601107988030e-01,-7.160680628156251837e-02,1.287337436357748777e+00,6.678335976785103843e-03
-2.385110024706317833e-01,-6.874345736732581646e-02,1.452948641448676970e+00,6.584799629606777858e-03
-2.325859819265591599e-01,-6.587052894594339070e-02,1.369100580770638009e+00,9.357397045834037891e-03
-2.242134174644394018e-01,-6.169188756374356652e-02,1.283172051432147631e+00,9.144203319466795085e-03
-2.160832625177698807e-01,-5.750655186742329589e-02,1.466590706337899785e+00,8.612374104302754699e-03
-2.084796639347381575e-01,-5.346201526843168128e-02,1.546137670743113590e+00,8.395689358045453979e-03
-2.011180822626830456e-01,-4.942534398103906601e-02,1.645699845653109783e+00,7.852653031886471999e-03
-1.942853373064938882e-01,-4.555523338793356081e-02,1.750107375157793133e+00,7.637841448634226371e-03
-1.876898742605905002e-01,-4.170341703657440280e-02,1.868852458061354804e+00,7.139675788718936357e-03
-1.815755835961152531e-01,-3.801689834839035859e-02,2.159566422173814004e+00,6.928801515223088209e-03
-1.756927072286562641e-01,-3.435628964456113182e-02,2.192809941333328627e+00,8.366202079608201642e-03
-1.686639672997889694e-01,-2.981865234645243723e-02,2.326432787641666167e+00,8.015837067256288695e-03
-1.620176942452109248e-01,-2.533750312189075871e-02,2.518064025815629048e+00,7.655597299425176590e-03
-1.557645680746271299e-01,-2.092087736168352780e-02,3.013432355028786258e+00,5.159315783298328364e-03
-1.516069432543027673e-01,-1.786593133839374514e-02,4.519492110777306948e+00,4.975266737903033705e-03
-1.476508563028996190e-01,-1.484887065848986866e-02,3.300976318431509071e+00,9.027123344274161007e-03
-1.406176315899411444e-01,-9.190009818199687541e-03,3.714577296766824688e+00,5.356837942463547018e-03
-1.365463241642865255e-01,-5.708606568412807891e-03,6.966002489111442486e+00,5.078924339609769412e-03
-1.327847163098869743e-01,-2.296015353924887870e-03,5.717713986067555432e+00,8.875349464996604848e-03
-1.264467766167680640e-01,3.917063478039446711e-03,5.888706003946285961e+00,7.499086746439160775e-03
-1.213990189852971330e-01,9.462912820074123599e-03,7.135247470841558304e+00,6.397111535194622590e-03
-1.173606894473238349e-01,1.442425644216405872e-02,8.418843845629440992e+00,5.364579678475679680e-03
-1.140948337296364412e-01,1.868018190649761365e-02,9.471729327558163547e+00,4.842174847576014886e-03
-1.114859814678346300e-01,2.275946458003096085e-02,8.363897860813218621e-02,7.888662060460781625e-03
-1.071875167840569965e-01,2.937415961959777277e-02,1.249071630371762254e+01,6.578867661020933698e-03
-1.031705817804728642e-01,3.458431632340309980e-02,2.865790291545594215e+01,6.225471536663026301e-03
-9.846336788031150034e-02,3.865845833761040462e-02,3.422625066498427771e+01,6.743510287321432574e-03
-9.247428256344245034e-02,4.175777891839477229e-02,2.678093696955599867e+01,7.807162228068954650e-03
-8.497323608905849035e-02,4.392251535605146140e-02,1.859355879560936486e+01,8.919114301321303534e-03
-7.612942791121798947e-02,4.507908650976215348e-02,1.299915631314539510e+01,9.614192215693144472e-03
-6.651530091559922087e-02,4.504367362497327387e-02,1.525091931014249269e+01,4.835981685074658941e-03
-6.171055108747902640e-02,4.449494969843416359e-02,2.310611556411716450e+01,4.764037577258915628e-03
-5.704793136031351825e-02,4.351718115865491759e-02,2.555841814843712001e+01,4.516570487243035982e-03
-5.276264078622237147e-02,4.209040378925198167e-02,3.572226865813475882e+01,4.271764447026408888e-03
-4.896849810005662190e-02,4.012763717859910151e-02,5.150513470484902712e+01,3.950239628048849393e-03
-4.590766302860393999e-02,3.763050246369628593e-02,7.072226767110919354e+01,3.823753866793387982e-03
-4.372559952951106388e-02,3.449048773128754464e-02,8.241713291534358632e+01,3.914487487548798557e-03
-4.263735920065152285e-02,3.073030884234891069e-02,7.421181664271698253e+01,4.499824604071907437e-03
-4.282235868533283002e-02,2.623428875141531336e-02,5.234826485446487254e+01,5.415408308988029634e-03
-4.443590853275906916e-02,2.106484931924016216e-02,2.576596162853590499e+01,0.000000000000000000e+00
-4.768320776249246329e-02,1.509748553663583376e-02,1.277517536944888832e+01,6.793701700940727416e-03
