0.67406,0.19864,0.00000,0.01016
0.66894,0.18987,0.07437,0.01016
0.66381,0.18111,0.22409,0.01133
0.65806,0.17135,0.31926,0.01064
0.65262,0.16220,0.33025,0.01058
0.64719,0.15312,0.31434,0.01053
0.64175,0.14411,0.31960,0.01047
0.63631,0.13516,0.32497,0.01041
0.63088,0.12629,0.33044,0.01035
0.62544,0.11748,0.33603,0.01029
0.62000,0.10874,0.34173,0.01024
0.61457,0.10006,0.34755,0.01018
0.60913,0.09146,0.35349,0.01012
0.60370,0.08292,0.39604,0.01006
0.59826,0.07445,0.35131,0.01457
0.59034,0.06223,0.33140,0.01401
0.58266,0.05051,0.37603,0.01388
0.57499,0.03894,0.38529,0.01374
0.56734,0.02753,0.39459,0.01360
0.55970,0.01627,0.40414,0.01347
0.55208,0.00517,0.41395,0.01334
0.54447,-0.00579,0.42402,0.01321
0.53687,-0.01659,0.43435,0.01308
0.52929,-0.02725,0.44495,0.01295
0.52172,-0.03775,0.45584,0.01282
0.51417,-0.04811,0.46702,0.01269
0.50663,-0.05832,0.47848,0.01256
0.49911,-0.06838,0.49025,0.01244
0.49160,-0.07829,0.50233,0.01231
0.48410,-0.08807,0.51472,0.01219
0.47662,-0.09769,0.52743,0.01207
0.46915,-0.10717,0.54048,0.01195
0.46169,-0.11651,0.55385,0.01183
0.45426,-0.12571,0.56757,0.01171
0.44683,-0.13476,0.58165,0.01159
0.43942,-0.14367,0.59607,0.01147
0.43202,-0.15244,0.61086,0.01136
0.42464,-0.16108,0.62603,0.01124
0.41727,-0.16957,0.64156,0.01113
0.40991,-0.17793,0.65749,0.01102
0.40257,-0.18614,0.67380,0.01091
0.39525,-0.19423,0.69050,0.01080
0.38794,-0.20217,0.70761,0.01069
0.38064,-0.20998,0.72513,0.01058
0.37335,-0.21765,0.74305,0.01047
0.36608,-0.22520,0.76139,0.01037
0.35883,-0.23260,0.78016,0.01026
0.35159,-0.23988,0.79935,0.01016
0.34436,-0.24702,0.92273,0.01006
0.33715,-0.25403,0.84366,0.01490
0.32635,-0.26431,0.79859,0.01468
0.31559,-0.27429,0.90174,0.01446
0.30486,-0.28399,0.93458,0.01425
0.29417,-0.29339,0.96839,0.01404
0.28350,-0.30252,1.00317,0.01383
0.27287,-0.31136,1.03891,0.01363
0.26227,-0.31992,1.07557,0.01343
0.25170,-0.32821,1.11314,0.01324
0.24116,-0.33622,1.13855,0.01305
0.23065,-0.34396,1.28566,0.01237
0.22058,-0.35115,1.25012,0.01596
0.20743,-0.36018,1.20562,0.01564
0.19436,-0.36878,1.33737,0.01538
0.18134,-0.37697,1.38848,0.01513
0.16836,-0.38475,1.43670,0.01484
0.15547,-0.39210,1.49949,0.01461
0.14262,-0.39906,1.55163,0.01439
0.12981,-0.40563,1.59955,0.01414
0.11709,-0.41180,1.66342,0.01393
0.10441,-0.41758,1.71428,0.01374
0.09178,-0.42298,1.87077,0.01352
0.07922,-0.42799,1.92495,0.01665
0.06360,-0.43374,1.80062,0.01962
0.04496,-0.43988,1.86789,0.01926
0.02645,-0.44522,2.01233,0.01894
0.00807,-0.44975,2.06966,0.01864
-0.01019,-0.45351,2.11906,0.01838
-0.02833,-0.45651,2.15963,0.01815
-0.04633,-0.45876,2.19065,0.01795
-0.06422,-0.46028,2.21162,0.01778
-0.08197,-0.46109,2.22226,0.01763
-0.09961,-0.46119,2.22254,0.01752
-0.11711,-0.46061,2.21269,0.01743
-0.13450,-0.45936,2.19313,0.01737
-0.15176,-0.45746,2.16450,0.01733
-0.16890,-0.45491,2.12759,0.01731
-0.18591,-0.45174,2.08333,0.01731
-0.20281,-0.44795,2.03271,0.01733
-0.21958,-0.44357,1.97675,0.01737
-0.23622,-0.43860,1.91649,0.01743
-0.25275,-0.43306,1.85294,0.01750
-0.26916,-0.42697,1.78704,0.01758
-0.28544,-0.42033,1.71965,0.01768
-0.30160,-0.41316,1.65155,0.01779
-0.31764,-0.40548,1.58343,0.01790
-0.33357,-0.39729,1.51588,0.01803
-0.34937,-0.38862,1.44938,0.01816
-0.36505,-0.37946,1.38435,0.01830
-0.38062,-0.36984,1.32109,0.01844
-0.39606,-0.35977,1.25986,0.01858
-0.41139,-0.34926,1.20084,0.01873
-0.42659,-0.33832,1.14415,0.01888
-0.44168,-0.32697,1.08986,0.01904
-0.45666,-0.31521,1.03801,0.01919
-0.47151,-0.30306,0.98860,0.01934
-0.48625,-0.29053,0.94160,0.01950
-0.50087,-0.27763,0.89697,0.01965
-0.51537,-0.26438,0.82089,0.01980
-0.52976,-0.25077,0.78502,0.01661
-0.54166,-0.23918,0.83082,0.01338
-0.55114,-0.22973,0.80145,0.01341
-0.56054,-0.22017,0.73832,0.01349
-0.56990,-0.21046,0.71409,0.01357
-0.57922,-0.20059,0.68476,0.01359
-0.58846,-0.19063,0.67274,0.01367
-0.59767,-0.18052,0.65106,0.01375
-0.60684,-0.17026,0.62438,0.01377
-0.61593,-0.15992,0.61421,0.01385
-0.62499,-0.14944,0.59482,0.01393
-0.63401,-0.13883,0.57051,0.01394
-0.64295,-0.12814,0.56198,0.01401
-0.65185,-0.11733,0.54463,0.01408
-0.66072,-0.10638,0.52243,0.01409
-0.66951,-0.09537,0.51536,0.01416
-0.67826,-0.08424,0.49982,0.01423
-0.68697,-0.07299,0.47950,0.01423
-0.69561,-0.06169,0.47371,0.01430
-0.70421,-0.05027,0.45977,0.01436
-0.71278,-0.03874,0.44110,0.01436
-0.72127,-0.02717,0.43646,0.01442
-0.72972,-0.01549,0.42393,0.01448
-0.73814,-0.00371,0.40672,0.01447
-0.74648,0.00811,0.40308,0.01453
-0.75479,0.02003,0.39180,0.01458
-0.76305,0.03204,0.37587,0.01456
-0.77125,0.04408,0.37312,0.01462
-0.77940,0.05621,0.36294,0.01467
-0.78752,0.06843,0.34814,0.01465
-0.79557,0.08067,0.34618,0.01469
-0.80358,0.09299,0.33697,0.01474
-0.81155,0.10539,0.32315,0.01471
-0.81946,0.11780,0.32189,0.01476
-0.82732,0.13028,0.31355,0.01480
-0.83515,0.14284,0.30059,0.01476
-0.84290,0.15541,0.29996,0.01480
-0.85062,0.16804,0.29237,0.01484
-0.85830,0.18073,0.28016,0.01480
-0.86591,0.19343,0.28009,0.01483
-0.87349,0.20618,0.27318,0.01487
-0.88103,0.21899,0.26163,0.01482
-0.88849,0.23179,0.26206,0.01485
-0.89592,0.24465,0.25575,0.01488
-0.90332,0.25756,0.24477,0.01482
-0.91064,0.27045,0.24566,0.01485
-0.91793,0.28338,0.23987,0.01487
-0.92518,0.29637,0.22938,0.01481
-0.93236,0.30932,0.23070,0.01483
-0.93951,0.32232,0.22538,0.01485
-0.94662,0.33536,0.21531,0.01479
-0.95366,0.34837,0.21701,0.01480
-0.96066,0.36141,0.21211,0.01482
-0.96763,0.37448,0.20240,0.01475
-0.97453,0.38752,0.20446,0.01476
-0.98139,0.40058,0.19994,0.01477
-0.98822,0.41367,0.19052,0.01469
-0.99498,0.42672,0.19292,0.01470
-1.00170,0.43979,0.18873,0.01470
-1.00839,0.45288,0.17956,0.01462
-1.01501,0.46592,0.18228,0.01462
-1.02159,0.47898,0.17838,0.01462
-1.02814,0.49205,0.16941,0.01454
-1.03463,0.50506,0.17244,0.01454
-1.04107,0.51809,0.16880,0.01453
-1.04748,0.53113,0.15998,0.01444
-1.05383,0.54411,0.16331,0.01443
-1.06013,0.55709,0.15990,0.01443
-1.06641,0.57008,0.15118,0.01433
-1.07262,0.58299,0.15481,0.01432
-1.07879,0.59591,0.15161,0.01431
-1.08492,0.60884,0.14295,0.01420
-1.09099,0.62168,0.14687,0.01419
-1.09703,0.63452,0.14385,0.01417
-1.10303,0.64736,0.13521,0.01407
-1.10897,0.66012,0.13942,0.01405
-1.11487,0.67287,0.13657,0.01403
-1.12073,0.68561,0.12790,0.01392
-1.12653,0.69826,0.13241,0.01390
-1.13230,0.71090,0.12970,0.01387
-1.13803,0.72354,0.15344,0.01376
-1.14370,0.73607,0.10759,0.02743
-1.15493,0.76110,0.10225,0.01910
-1.16271,0.77855,0.13134,0.01923
-1.17049,0.79613,0.11219,0.01888
-1.17810,0.81341,0.10932,0.01900
-1.18572,0.83082,0.10648,0.01864
-1.19316,0.84790,0.10519,0.01876
-1.20061,0.86512,0.10410,0.01830
-1.20786,0.88192,0.09995,0.01841
-1.21510,0.89885,0.09564,0.01804
-1.22219,0.91544,0.09297,0.01814
-1.22927,0.93214,0.09030,0.01776
-1.23619,0.94849,0.08944,0.01786
-1.24311,0.96496,0.08871,0.01739
-1.24983,0.98099,0.08439,0.01748
-1.25656,0.99713,0.07991,0.01708
-1.26312,1.01290,0.07726,0.01717
-1.26968,1.02877,0.07459,0.01677
-1.27609,1.04426,0.07405,0.01685
-1.28249,1.05985,0.07358,0.01637
-1.28870,1.07500,0.06880,0.01645
-1.29491,1.09023,0.06385,0.01603
-1.30096,1.10507,0.06100,0.01611
-1.30701,1.12000,0.05808,0.01568
-1.31291,1.13453,0.05777,0.01575
-1.31880,1.14914,0.05747,0.01526
-1.32451,1.16329,0.05633,0.01533
-1.33022,1.17752,0.03958,0.01987
-1.33762,1.19596,0.04302,0.01964
-1.34491,1.21420,0.04389,0.01942
-1.35211,1.23223,0.02639,0.01877
-1.35906,1.24967,0.03548,0.01853
-1.36591,1.26689,0.02681,0.01829
-1.37265,1.28389,0.00440,0.01770
-1.37919,1.30035,0.02099,0.01742
-1.38561,1.31654,0.01391,0.01714
-1.39192,1.33247,0.01844,0.01654
-1.39802,1.34784,0.00476,0.01627
-1.40402,1.36297,0.00964,0.01600
-1.40992,1.37784,0.04118,0.01534
-1.41560,1.39209,0.02723,0.01506
-1.42117,1.40609,0.04401,0.01479
-1.42664,1.41983,0.09919,0.01416
-1.43191,1.43297,0.08619,0.01461
-1.43736,1.44652,0.07821,0.01506
-1.44299,1.46049,0.09758,0.01688
-1.44933,1.47613,0.13836,0.01873
-1.45639,1.49348,0.21106,0.01725
-1.46298,1.50942,0.20964,0.01657
-1.46935,1.52471,0.26700,0.01588
-1.47550,1.53935,0.45624,0.01440
-1.48120,1.55258,0.52681,0.01694
-1.48800,1.56810,0.61171,0.01839
-1.49556,1.58485,0.92544,0.01621
-1.50247,1.59952,1.48526,0.01405
-1.50874,1.61209,2.77994,0.01188
-1.51437,1.62256,5.89614,0.01410
-1.52170,1.63460,39.65040,0.01121
-1.52921,1.64292,116.64626,0.01136
-1.53696,1.63463,54.80515,0.01640
-1.53731,1.61823,14.24695,0.01127
-1.53662,1.60699,3.90440,0.01315
-1.53538,1.59389,1.75660,0.01526
-1.53356,1.57874,1.17282,0.01709
-1.53121,1.56181,0.79281,0.01917
-1.52829,1.54286,0.65259,0.01396
-1.52600,1.52910,0.51535,0.01463
-1.52353,1.51468,0.39752,0.01530
-1.52086,1.49961,0.39841,0.01643
-1.51787,1.48346,0.29430,0.01708
-1.51469,1.46667,0.25569,0.01773
-1.51132,1.44927,0.25456,0.01881
-1.50764,1.43082,0.20480,0.01693
-1.50427,1.41423,0.19132,0.01505
-1.50123,1.39949,0.18511,0.01543
-1.49808,1.38438,0.16291,0.01580
-1.49481,1.36892,0.15711,0.01626
-1.49140,1.35302,0.14640,0.01672
-1.48786,1.33668,0.13333,0.01707
-1.48421,1.32000,0.12654,0.01742
-1.48044,1.30299,0.12366,0.01786
-1.47655,1.28555,0.11690,0.01830
-1.47251,1.26770,0.10812,0.01863
-1.46837,1.24954,0.10393,0.01895
-1.46413,1.23107,0.10265,0.01937
-1.45975,1.21220,0.09497,0.01979
-1.45524,1.19293,0.09192,0.01805
-1.45109,1.17536,0.08523,0.01632
-1.44732,1.15949,0.09026,0.01629
-1.44354,1.14364,0.10364,0.01697
-1.43956,1.12714,0.08125,0.01694
-1.43558,1.11068,0.07727,0.01717
-1.43152,1.09400,0.07631,0.01739
-1.42737,1.07711,0.07780,0.01735
-1.42323,1.06026,0.09240,0.01801
-1.41888,1.04278,0.07445,0.01797
-1.41453,1.02535,0.07152,0.01818
-1.41011,1.00772,0.07095,0.01838
-1.40561,0.98989,0.07258,0.01834
-1.40110,0.97212,0.08501,0.01897
-1.39640,0.95374,0.07028,0.01892
-1.39170,0.93541,0.06810,0.01911
-1.38692,0.91691,0.06780,0.01929
-1.38207,0.89824,0.06952,0.01924
-1.37721,0.87962,0.08032,0.01984
-1.37216,0.86043,0.06595,0.01979
-1.36711,0.84130,0.06534,0.01827
-1.36242,0.82364,0.07239,0.01677
-1.35809,0.80744,0.06447,0.01673
-1.35377,0.79127,0.07424,0.01695
-1.34936,0.77490,0.07361,0.01718
-1.34487,0.75832,0.06176,0.01713
-1.34037,0.74179,0.07081,0.01726
-1.33583,0.72514,0.07074,0.01739
-1.33122,0.70837,0.06246,0.01734
-1.32662,0.69165,0.07345,0.01755
-1.32193,0.67474,0.07304,0.01776
-1.31717,0.65763,0.06274,0.01771
-1.31240,0.64057,0.07091,0.01782
-1.30758,0.62342,0.07100,0.01793
-1.30270,0.60616,0.06385,0.01788
-1.29783,0.58895,0.07385,0.01808
-1.29287,0.57157,0.07363,0.01827
-1.28784,0.55401,0.06455,0.01821
-1.28281,0.53650,0.07206,0.01831
-1.27772,0.51891,0.07230,0.01840
-1.27258,0.50124,0.06606,0.01835
-1.26744,0.48363,0.07531,0.01853
-1.26223,0.46585,0.07525,0.01871
-1.25693,0.44791,0.06716,0.01864
-1.25164,0.43003,0.07417,0.01872
-1.24630,0.41209,0.07454,0.01880
-1.24090,0.39408,0.06904,0.01874
-1.23551,0.37613,0.07773,0.01890
-1.23004,0.35803,0.07782,0.01907
-1.22449,0.33979,0.07054,0.01900
-1.21894,0.32162,0.07719,0.01906
-1.21335,0.30339,0.07770,0.01913
-1.20770,0.28512,0.07282,0.01906
-1.20206,0.26692,0.08111,0.01921
-1.19634,0.24858,0.08135,0.01936
-1.19055,0.23011,0.07473,0.01928
-1.18475,0.21172,0.08113,0.01933
-1.17891,0.19329,0.08178,0.01938
-1.17303,0.17483,0.07744,0.01930
-1.16714,0.15645,0.08545,0.01944
-1.16118,0.13794,0.08585,0.01957
-1.15515,0.11933,0.07979,0.01949
-1.14912,0.10079,0.08604,0.01952
-1.14304,0.08224,0.08685,0.01955
-1.13692,0.06367,0.08297,0.01947
-1.13080,0.04518,0.09083,0.01959
-1.12460,0.02659,0.09139,0.01971
-1.11834,0.00790,0.08582,0.01963
-1.11207,-0.01070,0.09201,0.01964
-1.10576,-0.02930,0.09301,0.01966
-1.09941,-0.04791,0.08954,0.01957
-1.09306,-0.06642,0.09735,0.01968
-1.08664,-0.08502,0.09810,0.01978
-1.08015,-0.10371,0.09294,0.01969
-1.07366,-0.12230,0.09917,0.01969
-1.06712,-0.14088,0.10037,0.01969
-1.06055,-0.15944,0.09730,0.01960
-1.05398,-0.17790,0.10517,0.01969
-1.04734,-0.19644,0.10613,0.01978
-1.04063,-0.21505,0.10135,0.01968
-1.03391,-0.23355,0.10770,0.01967
-1.02716,-0.25202,0.10915,0.01965
-1.02038,-0.27047,0.10644,0.01956
-1.01359,-0.28881,0.11448,0.01963
-1.00673,-0.30720,0.11569,0.01971
-0.99981,-0.32565,0.11126,0.01960
-0.99288,-0.34399,0.11783,0.01958
-0.98592,-0.36229,0.11956,0.01955
-0.97892,-0.38054,0.11723,0.01944
-0.97193,-0.39868,0.12556,0.01951
-0.96486,-0.41686,0.12706,0.01956
-0.95773,-0.43508,0.12296,0.01946
-0.95060,-0.45318,0.12986,0.01942
-0.94343,-0.47123,0.13194,0.01937
-0.93623,-0.48921,0.12999,0.01926
-0.92904,-0.50708,0.13873,0.01931
-0.92177,-0.52497,0.14059,0.01936
-0.91444,-0.54289,0.13682,0.01924
-0.90710,-0.56068,0.14416,0.01919
-0.89974,-0.57839,0.14666,0.01913
-0.89234,-0.59604,0.14514,0.01902
-0.88495,-0.61356,0.15445,0.01905
-0.87749,-0.63109,0.15673,0.01908
-0.86996,-0.64863,0.15332,0.01896
-0.86243,-0.66603,0.16124,0.01890
-0.85488,-0.68335,0.16425,0.01883
-0.84729,-0.70059,0.16321,0.01871
-0.83971,-0.71769,0.17325,0.01873
-0.83206,-0.73479,0.17605,0.01875
-0.82434,-0.75187,0.17199,0.01862
-0.81663,-0.76882,0.17863,0.01852
-0.80890,-0.78565,0.18664,0.01842
-0.80115,-0.80236,0.18990,0.01838
-0.79336,-0.81902,0.19342,0.01835
-0.78553,-0.83561,0.19760,0.01831
-0.77765,-0.85213,0.20093,0.01827
-0.76973,-0.86859,0.20393,0.01813
-0.76181,-0.88491,0.20905,0.01800
-0.75388,-0.90107,0.21525,0.01796
-0.74592,-0.91716,0.22061,0.01791
-0.73791,-0.93318,0.22568,0.01786
-0.72986,-0.94912,0.22985,0.01781
-0.72176,-0.96498,0.23368,0.01767
-0.71367,-0.98068,0.23986,0.01753
-0.70557,-0.99623,0.24721,0.01747
-0.69743,-1.01169,0.25367,0.01742
-0.68925,-1.02707,0.25986,0.01736
-0.68103,-1.04235,0.26507,0.01730
-0.67277,-1.05755,0.26996,0.01715
-0.66450,-1.07258,0.27749,0.01700
-0.65624,-1.08744,0.28628,0.01694
-0.64794,-1.10220,0.29411,0.01688
-0.63959,-1.11687,0.30172,0.01681
-0.63120,-1.13144,0.30826,0.01674
-0.62278,-1.14590,0.31450,0.01659
-0.61435,-1.16019,0.32372,0.01644
-0.60593,-1.17430,0.33434,0.01636
-0.59747,-1.18831,0.34392,0.01629
-0.58896,-1.20220,0.35332,0.01622
-0.58042,-1.21598,0.36155,0.01614
-0.57183,-1.22965,0.36952,0.01598
-0.56325,-1.24314,0.38089,0.01583
-0.55468,-1.25644,0.39382,0.01575
-0.54606,-1.26962,0.40563,0.01567
-0.53740,-1.28268,0.41731,0.01559
-0.52871,-1.29561,0.42770,0.01550
-0.51997,-1.30842,0.43786,0.01534
-0.51124,-1.32104,0.45196,0.01518
-0.50251,-1.33347,0.46783,0.01510
-0.49375,-1.34576,0.50361,0.01502
-0.48494,-1.35792,0.51617,0.01741
-0.47462,-1.37195,0.49607,0.01972
-0.46278,-1.38772,0.51893,0.01942
-0.45095,-1.40312,0.55513,0.01924
-0.43908,-1.41826,0.58030,0.01906
-0.42715,-1.43312,0.60789,0.01894
-0.41512,-1.44776,0.62512,0.01866
-0.40310,-1.46203,0.65499,0.01839
-0.39109,-1.47596,0.69115,0.01827
-0.37898,-1.48963,0.71465,0.01808
-0.36682,-1.50302,0.74290,0.01790
-0.35461,-1.51610,0.78073,0.01760
-0.34243,-1.52880,0.81253,0.01741
-0.33019,-1.54119,0.85101,0.01723
-0.31791,-1.55328,0.89257,0.01711
-0.30553,-1.56508,0.92097,0.01684
-0.29316,-1.57652,0.96643,0.01658
-0.28081,-1.58758,1.01977,0.01646
-0.26836,-1.59834,1.05648,0.01628
-0.25586,-1.60878,1.09903,0.01611
-0.24331,-1.61889,1.15439,0.01584
-0.23080,-1.62859,1.20198,0.01567
-0.21824,-1.63796,1.25738,0.01551
-0.20563,-1.64699,1.31595,0.01540
-0.19292,-1.65569,1.35684,0.01517
-0.18024,-1.66400,1.41995,0.01494
-0.16757,-1.67192,1.49174,0.01485
-0.15481,-1.67951,1.54038,0.01471
-0.14200,-1.68674,1.59480,0.01457
-0.12914,-1.69360,1.66464,0.01435
-0.11633,-1.70005,1.72298,0.01423
-0.10347,-1.70613,1.78811,0.01411
-0.09056,-1.71184,1.85411,0.01405
-0.07756,-1.71718,1.89528,0.01389
-0.06458,-1.72212,1.96204,0.01373
-0.05163,-1.72666,2.03498,0.01369
-0.03858,-1.73082,2.07535,0.01362
-0.02549,-1.73459,2.11838,0.01356
-0.01235,-1.73796,2.17623,0.01342
0.00073,-1.74092,2.21659,0.01338
0.01387,-1.74348,2.25895,0.01335
0.02705,-1.74564,2.44034,0.01338
0.04031,-1.74739,2.44336,0.01662
0.05686,-1.74900,2.12954,0.01992
0.07675,-1.75008,2.14326,0.01667
0.09342,-1.75026,2.48483,0.01339
0.10681,-1.74993,2.50246,0.01336
0.12014,-1.74919,2.34049,0.01343
0.13352,-1.74801,2.32406,0.01352
0.14694,-1.74642,2.30133,0.01366
0.16045,-1.74437,2.24963,0.01370
0.17393,-1.74191,2.22090,0.01375
0.18737,-1.73903,2.19194,0.01394
0.20091,-1.73569,2.13086,0.01409
0.21448,-1.73191,2.07061,0.01426
0.22810,-1.72769,2.02329,0.01433
0.24166,-1.72305,1.96366,0.01452
0.25525,-1.71796,1.90458,0.01472
0.26889,-1.71242,1.84352,0.01498
0.28261,-1.70640,1.76515,0.01513
0.29630,-1.69996,1.70754,0.01528
0.30996,-1.69310,1.65237,0.01558
0.32369,-1.68575,1.57825,0.01584
0.33747,-1.67793,1.50803,0.01611
0.35129,-1.66964,1.45031,0.01627
0.36504,-1.66095,1.38793,0.01656
0.37883,-1.65178,1.32816,0.01686
0.39266,-1.64215,1.26968,0.01722
0.40657,-1.63200,1.20311,0.01744
0.42044,-1.62142,1.15239,0.01767
0.43428,-1.61043,1.10488,0.01806
0.44819,-1.59892,1.04751,0.01841
0.46215,-1.58692,0.99410,0.01876
0.47614,-1.57443,0.95021,0.01897
0.49006,-1.56155,0.90508,0.01933
0.50402,-1.54817,0.80980,0.01970
0.51802,-1.53431,0.82682,0.01508
0.52857,-1.52354,0.85378,0.01526
0.53913,-1.51252,0.75791,0.01537
0.54962,-1.50130,0.73463,0.01555
0.56012,-1.48982,0.70810,0.01583
0.57067,-1.47802,0.68235,0.01602
0.58123,-1.46596,0.65757,0.01631
0.59184,-1.45357,0.63016,0.01651
0.60245,-1.44092,0.60742,0.01662
0.61300,-1.42808,0.58902,0.01682
0.62354,-1.41498,0.56803,0.01712
0.63415,-1.40155,0.54774,0.01732
0.64475,-1.38785,0.52822,0.01762
0.65541,-1.37382,0.50662,0.01783
0.66607,-1.35952,0.48878,0.01794
0.67667,-1.34504,0.47439,0.01815
0.68726,-1.33031,0.45789,0.01846
0.69792,-1.31522,0.44197,0.01868
0.70857,-1.29988,0.42667,0.01900
0.71927,-1.28419,0.40968,0.01922
0.72998,-1.26823,0.39572,0.01932
0.74062,-1.25210,0.38450,0.01954
0.75126,-1.23571,0.32671,0.01987
0.76195,-1.21897,0.35945,0.01002
0.76730,-1.21050,0.49443,0.01007
0.77264,-1.20197,0.34852,0.01632
0.78124,-1.18810,0.30382,0.01646
0.78984,-1.17406,0.32650,0.01656
0.79841,-1.15989,0.31850,0.01665
0.80695,-1.14560,0.31164,0.01680
0.81550,-1.13113,0.30503,0.01703
0.82408,-1.11643,0.29537,0.01718
0.83267,-1.10155,0.28808,0.01737
0.84127,-1.08646,0.28035,0.01756
0.84990,-1.07116,0.27179,0.01771
0.85853,-1.05569,0.26596,0.01775
0.86710,-1.04014,0.25943,0.01790
0.87567,-1.02443,0.25337,0.01809
0.88426,-1.00851,0.24678,0.01829
0.89287,-0.99237,0.24093,0.01844
0.90149,-0.97606,0.23600,0.01869
0.91014,-0.95950,0.22818,0.01884
0.91879,-0.94276,0.22212,0.01893
0.92742,-0.92591,0.21715,0.01902
0.93601,-0.90894,0.21289,0.01917
0.94461,-0.89180,0.20874,0.01942
0.95325,-0.87440,0.19840,0.01958
0.96188,-0.85683,0.19404,0.01812
0.96982,-0.84054,0.19887,0.01663
0.97705,-0.82556,0.19351,0.01674
0.98428,-0.81046,0.18538,0.01679
0.99148,-0.79529,0.18213,0.01685
0.99866,-0.78005,0.17843,0.01695
1.00584,-0.76469,0.17620,0.01710
1.01304,-0.74918,0.17263,0.01725
1.02026,-0.73351,0.16848,0.01736
1.02747,-0.71772,0.16631,0.01751
1.03470,-0.70177,0.16297,0.01766
1.04195,-0.68566,0.15855,0.01777
1.04919,-0.66943,0.15592,0.01782
1.05641,-0.65313,0.15332,0.01787
1.06361,-0.63677,0.15036,0.01798
1.07081,-0.62029,0.14857,0.01813
1.07802,-0.60366,0.14568,0.01829
1.08525,-0.58686,0.14233,0.01840
1.09248,-0.56994,0.14057,0.01855
1.09972,-0.55286,0.13787,0.01871
1.10698,-0.53562,0.13427,0.01882
1.11424,-0.51826,0.13212,0.01886
1.12148,-0.50084,0.13003,0.01891
1.12868,-0.48336,0.12763,0.01902
1.13589,-0.46576,0.12618,0.01917
1.14312,-0.44800,0.12384,0.01933
1.15036,-0.43008,0.12110,0.01944
1.15760,-0.41204,0.11968,0.01960
1.16485,-0.39383,0.11747,0.01976
1.17212,-0.37546,0.11247,0.01987
1.17940,-0.35697,0.11077,0.01849
1.18613,-0.33975,0.11365,0.01709
1.19231,-0.32382,0.11128,0.01717
1.19850,-0.30780,0.10827,0.01725
1.20469,-0.29170,0.10786,0.01741
1.21090,-0.27544,0.10493,0.01749
1.21711,-0.25908,0.10298,0.01758
1.22333,-0.24264,0.10271,0.01770
1.22955,-0.22607,0.10113,0.01782
1.23579,-0.20937,0.09853,0.01791
1.24203,-0.19259,0.09713,0.01799
1.24827,-0.17571,0.09664,0.01794
1.25447,-0.15887,0.09480,0.01802
1.26066,-0.14195,0.09324,0.01811
1.26685,-0.12493,0.09302,0.01823
1.27306,-0.10779,0.09163,0.01835
1.27928,-0.09052,0.08934,0.01844
1.28550,-0.07316,0.08876,0.01852
1.29172,-0.05572,0.08844,0.01869
1.29796,-0.03810,0.08616,0.01877
1.30421,-0.02040,0.08432,0.01886
1.31045,-0.00261,0.08375,0.01887
1.31667,0.01521,0.08279,0.01888
1.32287,0.03304,0.08114,0.01896
1.32907,0.05097,0.08070,0.01905
1.33526,0.06898,0.08043,0.01921
1.34149,0.08716,0.07841,0.01930
1.34771,0.10543,0.07706,0.01938
1.35393,0.12379,0.07689,0.01951
1.36017,0.14227,0.07580,0.01964
1.36642,0.16089,0.07399,0.01972
1.37266,0.17959,0.07299,0.01981
1.37891,0.19839,0.07266,0.01974
1.38511,0.21713,0.07141,0.01982
1.39131,0.23595,0.06920,0.01990
1.39751,0.25487,0.06911,0.01877
1.40333,0.27272,0.07064,0.01763
1.40878,0.28948,0.06907,0.01769
1.41422,0.30632,0.06714,0.01776
1.41967,0.32322,0.06721,0.01786
1.42513,0.34023,0.06640,0.01796
1.43059,0.35734,0.06487,0.01803
1.43606,0.37452,0.06396,0.01810
1.44153,0.39177,0.06371,0.01809
1.44697,0.40902,0.06315,0.01808
1.45240,0.42627,0.06204,0.01815
1.45782,0.44358,0.06150,0.01821
1.46325,0.46096,0.06157,0.01831
1.46868,0.47845,0.06085,0.01841
1.47412,0.49604,0.05948,0.01848
1.47957,0.51370,0.05891,0.01855
1.48501,0.53143,0.05897,0.01865
1.49047,0.54926,0.05829,0.01875
1.49594,0.56720,0.05699,0.01882
1.50140,0.58521,0.05621,0.01888
1.50687,0.60328,0.05600,0.01887
1.51231,0.62135,0.05553,0.01886
1.51774,0.63942,0.05459,0.01893
1.52316,0.65755,0.05414,0.01899
1.52858,0.67575,0.05421,0.01909
1.53401,0.69405,0.05359,0.01920
1.53945,0.71246,0.05243,0.01926
1.54490,0.73094,0.05194,0.01933
1.55034,0.74948,0.05201,0.01943
1.55579,0.76814,0.05142,0.01954
1.56125,0.78689,0.05032,0.01960
1.56672,0.80572,0.04965,0.01967
1.57218,0.82461,0.04946,0.01965
1.57762,0.84350,0.04907,0.01964
1.58304,0.86237,0.04828,0.01970
1.58846,0.88131,0.04721,0.01976
1.59388,0.90032,0.04730,0.01876
1.59900,0.91837,0.04828,0.01775
1.60384,0.93544,0.04730,0.01780
1.60867,0.95257,0.04587,0.01785
1.61350,0.96976,0.04609,0.01790
1.61834,0.98700,0.04621,0.01803
1.62319,1.00436,0.04520,0.01808
1.62804,1.02177,0.04428,0.01813
1.63289,1.03924,0.04400,0.01818
1.63775,1.05676,0.04392,0.01816
1.64258,1.07426,0.04364,0.01813
1.64739,1.09174,0.04297,0.01818
1.65220,1.10928,0.04242,0.01823
1.65701,1.12686,0.04263,0.01828
1.66182,1.14450,0.04274,0.01841
1.66665,1.16227,0.04182,0.01846
1.67148,1.18008,0.04100,0.01851
1.67630,1.19795,0.04092,0.01856
1.68113,1.21587,0.04108,0.01865
1.68597,1.23389,0.04069,0.01874
1.69082,1.25199,0.03986,0.01879
1.69566,1.27014,0.03930,0.01884
1.70051,1.28835,0.03914,0.01889
1.70536,1.30661,0.03915,0.01878
1.71016,1.32477,0.03867,0.01883
1.71496,1.34298,0.03802,0.01888
1.71977,1.36124,0.03796,0.01894
1.72457,1.37956,0.03810,0.01902
1.72938,1.39796,0.03775,0.01911
1.73421,1.41645,0.03699,0.01916
1.73903,1.43500,0.03649,0.01921
1.74385,1.45360,0.03666,0.01927
1.74867,1.47225,0.03676,0.01939
1.75351,1.49103,0.03600,0.01944
1.75835,1.50986,0.03532,0.01949
1.76319,1.52874,0.03510,0.01955
1.76803,1.54768,0.03503,0.01951
1.77284,1.56659,0.03483,0.01948
1.77764,1.58546,0.03435,0.01953
1.78244,1.60439,0.03394,0.01958
1.78723,1.62338,0.03410,0.01963
1.79203,1.64241,0.03419,0.01975
1.79684,1.66157,0.03350,0.01981
1.80165,1.68078,0.03287,0.01986
1.80647,1.70005,0.03240,0.01991
1.81128,1.71937,0.03254,0.01900
1.81586,1.73780,0.03317,0.01807
1.82021,1.75534,0.03255,0.01812
1.82455,1.77293,0.03167,0.01816
1.82890,1.79056,0.03151,0.01820
1.83325,1.80823,0.03149,0.01816
1.83757,1.82587,0.03135,0.01812
1.84188,1.84347,0.03093,0.01816
1.84619,1.86111,0.03059,0.01820
1.85050,1.87880,0.03059,0.01824
1.85480,1.89652,0.03076,0.01832
1.85912,1.91433,0.03052,0.01839
1.86344,1.93220,0.02993,0.01843
1.86777,1.95013,0.02955,0.01848
1.87209,1.96809,22.42766,0.01852
1.87641,1.98610,19.26186,0.05764
1.93248,1.99944,34.83902,0.01873
1.92829,1.98119,40.21121,0.01869
1.92410,1.96298,0.02604,0.01865
1.91990,1.94480,0.02621,0.01861
1.91571,1.92667,0.02637,0.01857
1.91152,1.90858,0.02684,0.01853
1.90733,1.89053,0.02711,0.01918
1.90298,1.87185,0.02679,0.01983
1.89847,1.85253,0.02689,0.01979
1.89397,1.83326,0.02726,0.01974
1.88946,1.81404,0.02745,0.01970
1.88495,1.79487,0.02764,0.01965
1.88044,1.77574,0.02792,0.01961
1.87594,1.75666,0.02823,0.01953
1.87144,1.73765,0.02834,0.01948
1.86694,1.71870,0.02843,0.01944
1.86244,1.69979,0.02863,0.01939
1.85794,1.68092,0.02883,0.01935
1.85344,1.66211,0.02908,0.01930
1.84894,1.64334,0.02938,0.01924
1.84445,1.62463,0.02960,0.01918
1.83995,1.60598,0.02971,0.01913
1.83546,1.58738,0.02987,0.01909
1.83097,1.56883,0.03008,0.01904
1.82648,1.55033,0.03029,0.01900
1.82199,1.53187,0.03060,0.01895
1.81749,1.51345,0.03094,0.01888
1.81301,1.49512,0.03107,0.01883
1.80852,1.47683,0.03117,0.01879
1.80404,1.45858,0.03140,0.01874
1.79956,1.44039,0.03162,0.01870
1.79507,1.42224,0.03224,0.01865
1.79059,1.40413,0.02829,0.01936
1.78592,1.38534,0.03206,0.01004
1.78349,1.37559,0.04007,0.01003
1.78107,1.36586,0.03258,0.01002
1.77864,1.35614,0.04092,0.01000
1.77622,1.34644,0.03291,0.01997
1.77137,1.32707,0.02898,0.01991
1.76652,1.30776,0.03362,0.01986
1.76167,1.28850,0.02994,0.01995
1.75678,1.26915,0.03452,0.01003
1.75432,1.25943,0.04291,0.01002
1.75186,1.24972,0.04276,0.01000
1.74940,1.24003,0.03440,0.01996
1.74448,1.22068,0.03030,0.01991
1.73956,1.20139,0.03489,0.01986
1.73463,1.18215,0.03528,0.01980
1.72971,1.16297,0.03570,0.01971
1.72480,1.14388,0.03589,0.01966
1.71989,1.12484,0.03605,0.01961
1.71497,1.10586,0.03635,0.01955
1.71006,1.08694,0.03665,0.01950
1.70515,1.06807,0.03706,0.01944
1.70023,1.04926,0.03751,0.01936
1.69533,1.03053,0.03772,0.01930
1.69042,1.01186,0.03789,0.01925
1.68552,0.99325,0.03821,0.01920
1.68061,0.97469,0.03853,0.01914
1.67571,0.95618,0.03897,0.01909
1.67080,0.93773,0.03945,0.01900
1.66591,0.91937,0.03967,0.01895
1.66101,0.90107,0.03985,0.01890
1.65611,0.88282,0.04019,0.01884
1.65122,0.86462,0.04053,0.01879
1.64632,0.84648,0.04100,0.01874
1.64142,0.82840,0.04151,0.01865
1.63653,0.81040,0.04174,0.01860
1.63165,0.79245,0.04194,0.01854
1.62676,0.77457,0.04231,0.01849
1.62187,0.75673,0.04267,0.01844
1.61698,0.73895,0.04416,0.01839
1.61209,0.72123,0.04371,0.01996
1.60677,0.70199,0.04307,0.01990
1.60145,0.68282,0.04425,0.01984
1.59612,0.66371,0.04467,0.01977
1.59080,0.64467,0.04549,0.01971
1.58548,0.62569,0.04052,0.01988
1.58009,0.60655,0.04669,0.01003
1.57736,0.59690,0.05811,0.01002
1.57464,0.58726,0.05811,0.01000
1.57191,0.57764,0.04679,0.01995
1.56646,0.55844,0.04128,0.01989
1.56101,0.53932,0.04768,0.01982
1.55556,0.52026,0.04831,0.01974
1.55011,0.50129,0.04881,0.01965
1.54467,0.48241,0.04915,0.01959
1.53923,0.46359,0.04956,0.01952
1.53379,0.44484,0.05006,0.01946
1.52835,0.42616,0.05070,0.01939
1.52291,0.40755,0.05141,0.01929
1.51747,0.38904,0.05179,0.01923
1.51204,0.37059,0.05213,0.01916
1.50661,0.35222,0.05267,0.01910
1.50118,0.33391,0.05328,0.01903
1.49575,0.31567,0.05400,0.01895
1.49032,0.29752,0.05459,0.01887
1.48490,0.27945,0.05498,0.01880
1.47948,0.26144,0.05545,0.01874
1.47405,0.24351,0.05603,0.01867
1.46863,0.22564,0.05677,0.01861
1.46321,0.20784,0.05758,0.01851
1.45780,0.19014,0.05802,0.01844
1.45239,0.17251,0.05842,0.01838
1.44697,0.15495,0.05904,0.01832
1.44156,0.13745,0.06051,0.01825
1.43615,0.12002,0.06134,0.01908
1.43047,0.10181,0.06057,0.01989
1.42453,0.08283,0.06110,0.01981
1.41859,0.06393,0.06243,0.01974
1.41264,0.04511,0.06357,0.01966
1.40670,0.02637,0.06492,0.01971
1.40072,0.00759,0.06549,0.01976
1.39470,-0.01123,0.06569,0.01968
1.38868,-0.02996,0.06630,0.01960
1.38266,-0.04861,0.06719,0.01952
1.37664,-0.06717,0.06822,0.01942
1.37062,-0.08564,0.06910,0.01932
1.36461,-0.10400,0.06974,0.01924
1.35860,-0.12228,0.07049,0.01916
1.35259,-0.14048,0.07145,0.01909
1.34658,-0.15860,0.07257,0.01899
1.34058,-0.17661,0.07351,0.01889
1.33458,-0.19453,0.07421,0.01881
1.32858,-0.21236,0.07502,0.01874
1.32258,-0.23011,0.07606,0.01866
1.31658,-0.24777,0.07726,0.01856
1.31059,-0.26534,0.07829,0.01847
1.30460,-0.28281,0.07905,0.01839
1.29861,-0.30019,0.07992,0.01831
1.29263,-0.31750,0.08220,0.01823
1.28664,-0.33472,0.07230,0.01914
1.28033,-0.35279,0.08192,0.01003
1.27701,-0.36225,0.12382,0.01001
1.27369,-0.37169,0.08463,0.01994
1.26705,-0.39049,0.07494,0.01985
1.26041,-0.40919,0.08699,0.01975
1.25377,-0.42779,0.08855,0.01962
1.24714,-0.44626,0.08965,0.01952
1.24051,-0.46462,0.09068,0.01943
1.23388,-0.48288,0.09270,0.01933
1.22725,-0.50104,0.09490,0.01945
1.22055,-0.51930,0.09580,0.01957
1.21377,-0.53765,0.09644,0.01947
1.20700,-0.55590,0.09778,0.01937
1.20022,-0.57404,0.09952,0.01927
1.19345,-0.59208,0.10140,0.01913
1.18668,-0.60997,0.10275,0.01903
1.17992,-0.62776,0.10401,0.01893
1.17316,-0.64545,0.10577,0.01884
1.16639,-0.66303,0.10775,0.01872
1.15964,-0.68049,0.10951,0.01860
1.15289,-0.69782,0.11094,0.01851
1.14614,-0.71505,0.11252,0.01841
1.13939,-0.73218,0.11460,0.01831
1.13263,-0.74920,0.11684,0.01818
1.12590,-0.76608,0.11845,0.01808
1.11916,-0.78286,0.11997,0.01798
1.11242,-0.79953,0.12401,0.01789
1.10569,-0.81610,0.12639,0.01888
1.09854,-0.83357,0.12489,0.01985
1.09097,-0.85193,0.12686,0.01973
1.08341,-0.87015,0.13098,0.01961
1.07584,-0.88824,0.13378,0.01947
1.06829,-0.90618,0.13638,0.01933
1.06074,-0.92397,0.13861,0.01921
1.05319,-0.94163,0.14176,0.01909
1.04564,-0.95916,0.14554,0.01907
1.03804,-0.97665,0.14793,0.01906
1.03040,-0.99412,0.14976,0.01894
1.02277,-1.01145,0.15255,0.01881
1.01513,-1.02864,0.15597,0.01867
1.00750,-1.04568,0.15916,0.01853
0.99988,-1.06257,0.16191,0.01841
0.99225,-1.07933,0.16508,0.01829
0.98463,-1.09595,0.16885,0.01815
0.97702,-1.11243,0.17237,0.01801
0.96941,-1.12875,0.17541,0.01789
0.96180,-1.14494,0.18216,0.01777
0.95420,-1.16099,0.16086,0.01888
0.94605,-1.17803,0.21509,0.01000
0.94172,-1.18705,0.21746,0.01989
0.93304,-1.20495,0.16950,0.01974
0.92436,-1.22267,0.19841,0.01956
0.91569,-1.24021,0.20330,0.01939
0.90704,-1.25755,0.20774,0.01923
0.89838,-1.27472,0.21289,0.01908
0.88972,-1.29172,0.21873,0.01888
0.88108,-1.30852,0.22371,0.01873
0.87243,-1.32514,0.23000,0.01858
0.86379,-1.34158,0.23736,0.01862
0.85506,-1.35803,0.24212,0.01865
0.84624,-1.37446,0.24670,0.01849
0.83742,-1.39071,0.25339,0.01834
0.82859,-1.40679,0.26076,0.01814
0.81979,-1.42265,0.26710,0.01799
0.81099,-1.43833,0.27359,0.01783
0.80218,-1.45384,0.28151,0.01766
0.79339,-1.46915,0.28917,0.01748
0.78460,-1.48426,0.29619,0.01733
0.77582,-1.49920,0.31721,0.01718
0.76703,-1.51396,0.31404,0.01980
0.75680,-1.53092,0.31137,0.01960
0.74657,-1.54764,0.33269,0.01939
0.73635,-1.56412,0.34431,0.01915
0.72614,-1.58032,0.35490,0.01895
0.71593,-1.59628,0.36608,0.01874
0.70573,-1.61200,0.37907,0.01850
0.69554,-1.62745,0.39094,0.01830
0.68535,-1.64266,0.40611,0.01811
0.67517,-1.65763,0.42091,0.01809
0.66488,-1.67250,0.43173,0.01789
0.65459,-1.68714,0.44592,0.01769
0.64430,-1.70153,0.46244,0.01745
0.63403,-1.71564,0.47757,0.01726
0.62376,-1.72951,0.44310,0.01706
0.61350,-1.74314,0.50913,0.01012
0.60735,-1.75118,0.74096,0.01005
0.60120,-1.75914,0.53722,0.01990
0.58891,-1.77479,0.48747,0.01961
0.57662,-1.79007,0.57888,0.01932
0.56436,-1.80499,0.60318,0.01905
0.55209,-1.81957,0.62969,0.01874
0.53985,-1.83376,0.65622,0.01849
0.52760,-1.84761,0.68403,0.01821
0.51538,-1.86110,0.71382,0.01793
0.50316,-1.87423,0.75063,0.01768
0.49095,-1.88702,0.78229,0.01777
0.47849,-1.89970,0.80934,0.01752
0.46604,-1.91202,0.84658,0.01725
0.45360,-1.92397,0.88426,0.01698
0.44117,-1.93555,0.92251,0.01674
0.42875,-1.94677,0.96400,0.01647
0.41635,-1.95761,1.03756,0.01624
0.40395,-1.96810,1.08255,0.01798
0.39002,-1.97946,17.73206,0.01963
0.37456,-1.99155,1.00145,0.66578
-0.29121,-1.98831,0.98998,0.01989
-0.30680,-1.97596,22.00205,0.01008
-0.31460,-1.96958,1.25554,0.01627
-0.32704,-1.95910,0.91384,0.01650
-0.33948,-1.94826,0.96869,0.01671
-0.35191,-1.93709,0.92876,0.01693
-0.36431,-1.92557,0.88923,0.01717
-0.37672,-1.91370,0.85319,0.01738
-0.38910,-1.90150,0.81668,0.01763
-0.40147,-1.88895,0.78192,0.01786
-0.41383,-1.87606,0.74971,0.01809
-0.42618,-1.86284,0.72128,0.01835
-0.43852,-1.84926,0.69221,0.01874
-0.45095,-1.83524,0.65950,0.01900
-0.46337,-1.82086,0.63154,0.01925
-0.47578,-1.80614,0.60577,0.01950
-0.48818,-1.79109,0.55687,0.01977
-0.50057,-1.77569,0.55964,0.01664
-0.51087,-1.76261,0.56537,0.01684
-0.52117,-1.74929,0.51877,0.01703
-0.53147,-1.73573,0.50311,0.01718
-0.54174,-1.72196,0.48509,0.01738
-0.55201,-1.70794,0.46829,0.01757
-0.56228,-1.69368,0.45444,0.01772
-0.57253,-1.67922,0.43844,0.01792
-0.58277,-1.66451,0.42352,0.01812
-0.59301,-1.64957,0.41127,0.01827
-0.60323,-1.63441,0.39704,0.01847
-0.61345,-1.61902,0.38680,0.01867
-0.62367,-1.60339,0.37519,0.01918
-0.63404,-1.58726,0.35940,0.01939
-0.64442,-1.57088,0.34794,0.01960
-0.65480,-1.55426,0.33819,0.01976
-0.66515,-1.53743,0.28680,0.01997
-0.67550,-1.52035,0.31780,0.01006
-0.68068,-1.51172,0.44580,0.01012
-0.68585,-1.50303,0.30662,0.01742
-0.69470,-1.48802,0.26685,0.01757
-0.70355,-1.47284,0.29001,0.01773
-0.71240,-1.45747,0.28348,0.01786
-0.72123,-1.44195,0.27631,0.01799
-0.73005,-1.42626,0.26818,0.01815
-0.73888,-1.41040,0.26153,0.01831
-0.74770,-1.39436,0.25600,0.01842
-0.75650,-1.37818,0.24877,0.01857
-0.76529,-1.36183,0.24182,0.01873
-0.77409,-1.34529,0.23668,0.01886
-0.78288,-1.32860,0.23097,0.01899
-0.79165,-1.31176,0.22444,0.01915
-0.80042,-1.29474,0.22034,0.01931
-0.80920,-1.27754,0.21618,0.01958
-0.81802,-1.26006,0.20911,0.01974
-0.82684,-1.24240,0.17788,0.01990
-0.83566,-1.22457,0.22492,0.01001
-0.84007,-1.21558,0.23289,0.01756
-0.84777,-1.19979,0.17147,0.01769
-0.85547,-1.18387,0.18759,0.01781
-0.86316,-1.16781,0.18443,0.01793
-0.87086,-1.15161,0.18159,0.01801
-0.87854,-1.13532,0.17724,0.01813
-0.88621,-1.11890,0.17276,0.01825
-0.89388,-1.10234,0.16994,0.01837
-0.90156,-1.08565,0.16741,0.01845
-0.90921,-1.06886,0.16347,0.01857
-0.91687,-1.05194,0.15941,0.01869
-0.92452,-1.03489,0.15689,0.01882
-0.93217,-1.01770,0.15463,0.01889
-0.93980,-1.00042,0.15106,0.01901
-0.94743,-0.98301,0.14737,0.01913
-0.95506,-0.96547,0.14511,0.01925
-0.96269,-0.94779,0.14310,0.01932
-0.97030,-0.93003,0.13985,0.01945
-0.97791,-0.91214,0.13649,0.01957
-0.98552,-0.89411,0.13185,0.01969
-0.99313,-0.87595,0.13405,0.01787
-0.99999,-0.85945,0.13412,0.01797
-1.00686,-0.84284,0.12705,0.01807
-1.01372,-0.82612,0.12523,0.01817
-1.02058,-0.80929,0.12382,0.01825
-1.02744,-0.79238,0.12188,0.01832
-1.03428,-0.77539,0.11925,0.01842
-1.04112,-0.75828,0.11697,0.01852
-1.04797,-0.74107,0.11561,0.01862
-1.05481,-0.72376,0.11444,0.01867
-1.06163,-0.70638,0.11210,0.01877
-1.06845,-0.68890,0.10965,0.01887
-1.07528,-0.67131,0.10817,0.01897
-1.08210,-0.65361,0.10704,0.01904
-1.08891,-0.63583,0.10544,0.01911
-1.09571,-0.61797,0.10324,0.01921
-1.10252,-0.60001,0.10133,0.01931
-1.10932,-0.58194,0.10024,0.01941
-1.11612,-0.56376,0.09931,0.01945
-1.12290,-0.54553,0.09733,0.01955
-1.12968,-0.52719,0.09526,0.01965
-1.13647,-0.50875,0.09287,0.01975
-1.14325,-0.49020,0.09201,0.01883
-1.14968,-0.47250,0.09325,0.01789
-1.15577,-0.45567,0.09147,0.01797
-1.16185,-0.43876,0.08868,0.01805
-1.16794,-0.42177,0.08804,0.01813
-1.17402,-0.40468,0.08782,0.01826
-1.18012,-0.38748,0.08654,0.01838
-1.18623,-0.37014,0.08446,0.01846
-1.19235,-0.35272,0.08294,0.01854
-1.19846,-0.33522,0.08208,0.01862
-1.20457,-0.31763,0.08152,0.01868
-1.21068,-0.29997,0.08052,0.01873
-1.21677,-0.28226,0.07898,0.01881
-1.22286,-0.26447,0.07770,0.01889
-1.22896,-0.24659,0.07692,0.01897
-1.23505,-0.22862,0.07641,0.01903
-1.24114,-0.21059,0.07550,0.01908
-1.24721,-0.19251,0.07407,0.01916
-1.25329,-0.17434,0.07288,0.01924
-1.25936,-0.15609,0.07217,0.01932
-1.26544,-0.13775,0.07173,0.01937
-1.27150,-0.11935,0.07089,0.01942
-1.27756,-0.10090,0.06957,0.01950
-1.28361,-0.08236,0.06846,0.01958
-1.28967,-0.06374,0.06782,0.01966
-1.29573,-0.04503,0.06742,0.01971
-1.30177,-0.02627,0.06665,0.01976
-1.30781,-0.00745,0.06542,0.01984
-1.31385,0.01145,0.06440,0.01992
-1.31989,0.03044,0.05573,0.02000
-1.32592,0.04951,0.07224,0.01003
-1.32894,0.05907,0.07464,0.01824
-1.33441,0.07647,0.05515,0.01830
-1.33989,0.09393,0.06114,0.01837
-1.34536,0.11147,0.06049,0.01843
-1.35083,0.12907,0.06035,0.01850
-1.35630,0.14674,0.06049,0.01869
-1.36181,0.16460,0.05961,0.01889
-1.36736,0.18266,0.05820,0.01896
-1.37290,0.20079,0.05730,0.01903
-1.37845,0.21899,0.05670,0.01909
-1.38400,0.23726,0.05646,0.01916
-1.38955,0.25560,0.05631,0.01917
-1.39508,0.27396,0.05536,0.01924
-1.40061,0.29238,0.05433,0.01930
-1.40613,0.31088,0.05376,0.01937
-1.41166,0.32945,0.05338,0.01944
-1.41719,0.34808,0.05322,0.01948
-1.42271,0.36676,0.05271,0.01951
-1.42823,0.38548,0.05178,0.01958
-1.43374,0.40427,0.05104,0.01965
-1.43925,0.42313,0.05052,0.01971
-1.44476,0.44206,0.05033,0.01978
-1.45027,0.46105,0.05023,0.01979
-1.45577,0.48006,0.04940,0.01985
-1.46126,0.49914,0.04849,0.01992
-1.46675,0.51829,0.04204,0.01999
-1.47225,0.53751,0.04765,0.01002
-1.47500,0.54714,0.05916,0.01004
-1.47774,0.55679,0.05767,0.01005
-1.48049,0.56646,0.04772,0.01841
-1.48551,0.58418,0.04138,0.01847
-1.49053,0.60195,0.04597,0.01853
-1.49555,0.61979,0.04555,0.01858
-1.50057,0.63768,0.04515,0.01864
-1.50559,0.65563,0.04508,0.01869
-1.51061,0.67363,0.04508,0.01869
-1.51561,0.69164,0.04434,0.01875
-1.52062,0.70971,0.04355,0.01880
-1.52562,0.72783,0.04316,0.01886
-1.53062,0.74601,0.04278,0.01891
-1.53563,0.76425,0.04305,0.01897
-1.54063,0.78254,0.04324,0.01909
-1.54565,0.80097,0.04221,0.01915
-1.55067,0.81944,0.04129,0.01920
-1.55569,0.83798,0.04093,0.01926
-1.56072,0.85658,0.04057,0.01932
-1.56574,0.87523,0.04053,0.01937
-1.57076,0.89394,0.04055,0.01937
-1.57576,0.91265,0.03989,0.01942
-1.58077,0.93142,0.03918,0.01948
-1.58577,0.95024,0.03885,0.01953
-1.59078,0.96912,0.03851,0.01959
-1.59578,0.98806,0.03848,0.01965
-1.60079,1.00706,0.03851,0.01964
-1.60577,1.02605,0.03789,0.01969
-1.61076,1.04510,0.03722,0.01975
-1.61575,1.06421,0.03691,0.01980
-1.62074,1.08337,0.03660,0.01986
-1.62573,1.10260,0.03587,0.01991
-1.63071,1.12188,0.03665,0.01837
-1.63530,1.13967,0.03684,0.01842
-1.63989,1.15750,0.03544,0.01847
-1.64448,1.17539,0.03517,0.01851
-1.64907,1.19333,0.03490,0.01856
-1.65366,1.21131,0.03479,0.01861
-1.65825,1.22934,0.03485,0.01862
-1.66283,1.24739,0.03461,0.01864
-1.66740,1.26546,0.03403,0.01869
-1.67198,1.28358,0.03360,0.01873
-1.67655,1.30175,0.03335,0.01878
-1.68112,1.31996,0.03310,0.01883
-1.68570,1.33822,0.03314,0.01887
-1.69027,1.35654,0.03324,0.01886
-1.69483,1.37483,0.03271,0.01890
-1.69939,1.39318,0.03213,0.01895
-1.70395,1.41158,0.03189,0.01900
-1.70851,1.43002,0.03166,0.01904
-1.71306,1.44851,0.03175,0.01909
-1.71762,1.46705,0.03205,0.01926
-1.72221,1.48576,0.03170,0.01943
-1.72683,1.50463,0.03094,0.01948
-1.73144,1.52356,0.03051,0.01953
-1.73606,1.54253,0.03028,0.01958
-1.74068,1.56155,0.03006,0.01962
-1.74529,1.58063,0.03011,0.01967
-1.74991,1.59975,0.03021,0.01965
-1.75451,1.61886,0.02973,0.01970
-1.75911,1.63801,0.02920,0.01975
-1.76371,1.65721,0.02899,0.01979
-1.76832,1.67647,0.02878,0.01984
-1.77292,1.69577,0.02844,0.01989
-1.77752,1.71512,0.02853,0.01919
-1.78195,1.73379,0.02891,0.01849
-1.78620,1.75179,0.02843,0.01853
-1.79046,1.76982,0.02780,0.01857
-1.79472,1.78790,0.02762,0.01861
-1.79898,1.80602,0.02744,0.01865
-1.80323,1.82418,0.02740,0.01869
-1.80749,1.84239,0.02751,0.01870
-1.81174,1.86060,0.02736,0.01871
-1.81599,1.87882,0.02689,0.01875
-1.82023,1.89709,0.02655,0.01879
-1.82447,1.91540,0.02638,0.01883
-1.82871,1.93375,0.02622,0.01887
-1.83296,1.95214,0.02618,0.01891
-1.83720,1.97057,40.54153,0.01892
-1.84144,1.98901,2.72401,0.58079
-1.26073,1.99890,2.02567,0.01809
-1.25460,1.98188,30.64465,0.01904
-1.24811,1.96399,0.08958,0.01997
-1.24128,1.94522,0.09153,0.01987
-1.23444,1.92656,0.09441,0.01977
-1.22760,1.90801,0.09534,0.01967
-1.22076,1.88957,0.09613,0.01964
-1.21390,1.87117,0.09815,0.01953
-1.20704,1.85288,0.10038,0.01943
-1.20019,1.83470,0.10169,0.01933
-1.19333,1.81662,0.10266,0.01926
-1.18645,1.79862,0.10420,0.01919
-1.17957,1.78071,0.10651,0.01909
-1.17269,1.76290,0.10859,0.01899
-1.16581,1.74520,0.10859,0.01889
-1.15892,1.72760,0.11073,0.01805
-1.15232,1.71081,0.11431,0.01795
-1.14571,1.69412,0.11564,0.01786
-1.13910,1.67753,0.11692,0.01777
-1.13249,1.66104,0.11805,0.01772
-1.12586,1.64460,0.12048,0.01763
-1.11924,1.62826,0.12315,0.01754
-1.11261,1.61203,0.12904,0.01744
-1.10598,1.59589,0.12604,0.01988
-1.09839,1.57752,0.12487,0.01975
-1.09079,1.55929,0.13166,0.01963
-1.08320,1.54118,0.13352,0.01954
-1.07559,1.52319,0.13595,0.01944
-1.06798,1.50530,0.13917,0.01932
-1.06036,1.48754,0.14166,0.01920
-1.05274,1.46992,0.14363,0.01913
-1.04511,1.45238,0.14698,0.01901
-1.03747,1.43497,0.15034,0.01888
-1.02983,1.41770,0.15259,0.01879
-1.02219,1.40054,0.15549,0.01869
-1.01453,1.38349,0.15930,0.01857
-1.00687,1.36657,0.16228,0.01845
-0.99921,1.34979,0.16468,0.01838
-0.99154,1.33309,0.16865,0.01825
-0.98386,1.31653,0.17270,0.01813
-0.97618,1.30011,0.17538,0.01807
-0.96847,1.28376,0.17867,0.01802
-0.96074,1.26748,0.18327,0.01789
-0.95300,1.25135,0.18703,0.01777
-0.94527,1.23535,0.18999,0.01770
-0.93751,1.21945,0.19474,0.01757
-0.92976,1.20368,0.19954,0.01745
-0.92200,1.18805,0.20293,0.01735
-0.91423,1.17254,0.20716,0.01725
-0.90646,1.15714,0.21259,0.01712
-0.89868,1.14189,0.22615,0.01700
-0.89090,1.12677,0.22120,0.01973
-0.88180,1.10926,0.21940,0.01957
-0.87271,1.09194,0.23357,0.01940
-0.86361,1.07480,0.23866,0.01928
-0.85449,1.05782,0.24571,0.01911
-0.84536,1.04102,0.25259,0.01895
-0.83624,1.02441,0.25825,0.01883
-0.82709,1.00795,0.26601,0.01866
-0.81795,0.99168,0.27362,0.01850
-0.80880,0.97561,0.27991,0.01838
-0.79963,0.95968,0.28849,0.01821
-0.79045,0.94394,0.29714,0.01805
-0.78128,0.92840,0.30372,0.01801
-0.77204,0.91293,0.31297,0.01784
-0.76281,0.89767,0.32279,0.01768
-0.75357,0.88260,0.33065,0.01756
-0.74430,0.86768,0.34120,0.01739
-0.73504,0.85296,0.35160,0.01722
-0.72578,0.83844,0.36038,0.01711
-0.71649,0.82408,0.37207,0.01694
-0.70720,0.80991,0.34472,0.01677
-0.69791,0.79594,0.46579,0.01001
-0.69233,0.78763,0.44897,0.01985
-0.68115,0.77123,0.36589,0.01961
-0.66997,0.75511,0.43080,0.01943
-0.65877,0.73924,0.44720,0.01920
-0.64756,0.72365,0.46413,0.01899
-0.63634,0.70833,0.48120,0.01878
-0.62511,0.69328,0.49966,0.01855
-0.61387,0.67852,0.51770,0.01837
-0.60261,0.66401,0.53750,0.01814
-0.59134,0.64979,0.55838,0.01787
-0.58010,0.63589,0.58055,0.01761
-0.56889,0.62232,0.60346,0.01738
-0.55768,0.60903,0.62522,0.01721
-0.54644,0.59600,0.65025,0.01699
-0.53520,0.58325,0.67609,0.01680
-0.52394,0.57078,0.70216,0.01661
-0.51267,0.55859,0.73026,0.01639
-0.50140,0.54668,0.75777,0.01623
-0.49010,0.53504,0.81384,0.01602
-0.47880,0.52368,0.84734,0.01780
-0.46607,0.51124,0.83659,0.01950
-0.45191,0.49784,0.87750,0.01921
-0.43773,0.48488,0.94385,0.01893
-0.42354,0.47237,0.99064,0.01865
-0.40932,0.46030,1.04003,0.01838
-0.39508,0.44868,1.09089,0.01815
-0.38080,0.43749,1.14285,0.01793
-0.36646,0.42672,1.19836,0.01767
-0.35211,0.41642,1.25645,0.01742
-0.33774,0.40657,1.31564,0.01718
-0.32335,0.39718,1.37651,0.01695
-0.30894,0.38826,1.43886,0.01672
-0.29451,0.37980,1.50243,0.01651
-0.28006,0.37181,1.56690,0.01630
-0.26560,0.36429,1.63193,0.01611
-0.25112,0.35724,1.69708,0.01592
-0.23661,0.35066,1.76187,0.01575
-0.22209,0.34455,1.82576,0.01559
-0.20755,0.33893,1.88905,0.01544
-0.19300,0.33377,1.94905,0.01534
-0.17839,0.32909,2.00447,0.01525
-0.16373,0.32489,2.05898,0.01514
-0.14905,0.32117,2.19965,0.01505
-0.13435,0.31794,2.24361,0.01746
-0.11718,0.31479,2.13181,0.01984
-0.09754,0.31203,2.17140,0.01979
-0.07784,0.31014,2.27018,0.01975
-0.05812,0.30913,2.28724,0.01975
-0.03838,0.30902,2.28659,0.01981
-0.01858,0.30981,2.27529,0.01989
0.00124,0.31150,2.10785,0.02001
0.02108,0.31409,2.21499,0.01502
0.03589,0.31661,2.36313,0.01511
0.05070,0.31963,2.13189,0.01526
0.06554,0.32316,2.08355,0.01538
0.08039,0.32720,2.03045,0.01556
0.09527,0.33176,1.97326,0.01572
0.11015,0.33682,1.91273,0.01593
0.12507,0.34241,1.84952,0.01612
0.13998,0.34850,1.78436,0.01636
0.15494,0.35513,1.71785,0.01657
0.16989,0.36226,1.65063,0.01684
0.18489,0.36993,1.58320,0.01708
0.19988,0.37811,1.51611,0.01737
0.21491,0.38683,1.45101,0.01764
0.22993,0.39607,1.38389,0.01804
0.24506,0.40589,1.31867,0.01833
0.26020,0.41623,1.25792,0.01868
0.27536,0.42713,1.19735,0.01899
0.29053,0.43856,1.13884,0.01936
0.30574,0.45054,1.02999,0.01969
0.32094,0.46305,1.03327,0.01604
0.33314,0.47347,1.04992,0.01626
0.34533,0.48423,0.94701,0.01651
0.35754,0.49534,0.90770,0.01676
0.36976,0.50681,0.87098,0.01700
0.38198,0.51862,0.83398,0.01728
0.39424,0.53080,0.80026,0.01752
0.40649,0.54333,0.76773,0.01779
0.41876,0.55622,0.73561,0.01807
0.43104,0.56946,0.70633,0.01832
0.44332,0.58306,0.67544,0.01870
0.45569,0.59709,0.64756,0.01897
0.46805,0.61148,0.62209,0.01926
0.48044,0.62623,0.59618,0.01955
0.49283,0.64136,0.54892,0.01983
0.50523,0.65683,0.54976,0.01677
0.51558,0.67003,0.55708,0.01697
0.52594,0.68347,0.51273,0.01717
0.53629,0.69716,0.49389,0.01740
0.54667,0.71113,0.47825,0.01760
0.55705,0.72535,0.46282,0.01780
0.56743,0.73981,0.44603,0.01805
0.57783,0.75456,0.43209,0.01825
0.58824,0.76955,0.41836,0.01846
0.59864,0.78479,0.40338,0.01870
0.60907,0.80032,0.39097,0.01891
0.61950,0.81610,0.37873,0.01912
0.62993,0.83212,0.36538,0.01938
0.64039,0.84844,0.35432,0.01959
0.65084,0.86500,0.33082,0.01980
0.66129,0.88182,0.33208,0.01705
0.67021,0.89635,0.33740,0.01720
0.67912,0.91107,0.31513,0.01736
0.68803,0.92596,0.30585,0.01754
0.69695,0.94106,0.29757,0.01772
0.70589,0.95636,0.29054,0.01787
0.71482,0.97184,0.28276,0.01803
0.72375,0.98750,0.27444,0.01823
0.73271,1.00339,0.26792,0.01839
0.74166,1.01946,0.26159,0.01856
0.75062,1.03571,0.25414,0.01874
0.75958,1.05216,0.24751,0.01892
0.76856,1.06882,0.24189,0.01909
0.77753,1.08567,0.23564,0.01925
0.78651,1.10270,0.22894,0.01946
0.79551,1.11995,0.22371,0.01962
0.80450,1.13739,0.21530,0.01979
0.81350,1.15502,0.20940,0.01872
0.82194,1.17173,0.21129,0.01763
0.82983,1.18749,0.20732,0.01776
0.83772,1.20340,0.19942,0.01788
0.84561,1.21944,0.19457,0.01803
0.85351,1.23566,0.19034,0.01818
0.86142,1.25203,0.18692,0.01831
0.86933,1.26854,0.18319,0.01844
0.87724,1.28520,0.17879,0.01863
0.88518,1.30206,0.17480,0.01882
0.89313,1.31912,0.17172,0.01895
0.90109,1.33632,0.16821,0.01909
0.90905,1.35367,0.16422,0.01926
0.91703,1.37120,0.16122,0.01939
0.92501,1.38887,0.15827,0.01952
0.93298,1.40669,0.15465,0.01968
0.94097,1.42467,0.15145,0.01983
0.94896,1.44282,0.13040,0.01996
0.95695,1.46112,0.14681,0.01003
0.96095,1.47032,0.20710,0.01007
0.96494,1.47956,0.14152,0.01773
0.97195,1.49585,0.12511,0.01784
0.97896,1.51225,0.13826,0.01794
0.98597,1.52877,0.13554,0.01804
0.99297,1.54539,0.13275,0.01818
0.99999,1.56217,0.13082,0.01829
1.00702,1.57905,0.12906,0.01839
1.01404,1.59605,0.12655,0.01850
1.02106,1.61317,0.12398,0.01864
1.02810,1.63043,0.12222,0.01875
1.03513,1.64780,0.12060,0.01885
1.04217,1.66529,0.11830,0.01896
1.04920,1.68290,0.11593,0.01910
1.05625,1.70065,0.11431,0.01921
1.06330,1.71851,0.11283,0.01931
1.07035,1.73649,0.11070,0.01942
1.07740,1.75458,0.10852,0.01956
1.08447,1.77283,0.10703,0.01967
1.09153,1.79119,0.10567,0.01978
1.09860,1.80966,0.10093,0.01988
1.10566,1.82825,0.10168,0.01788
1.11198,1.84497,0.10346,0.01796
1.11830,1.86178,0.09941,0.01805
1.12462,1.87869,0.09787,0.01813
1.13093,1.89568,0.09616,0.01824
1.13726,1.91279,0.09477,0.01834
1.14359,1.93000,0.09375,0.01843
1.14992,1.94731,0.09262,0.01851
1.15625,1.96471,0.09107,0.01860
1.16258,1.98220,32.24816,0.01872
1.16893,1.99982,67.50190,0.02883
1.14013,1.99848,39.19792,0.01953
1.13336,1.98016,17.81917,0.01943
1.12658,1.96196,0.09825,0.01933
1.11981,1.94385,0.09945,0.01923
1.11304,1.92585,0.10077,0.01910
1.10627,1.90799,0.10265,0.01900
1.09951,1.89024,0.10448,0.01890
1.09275,1.87259,0.10596,0.01880
1.08599,1.85504,0.10734,0.01869
1.07923,1.83762,0.10908,0.01857
1.07249,1.82032,0.11111,0.01848
1.06574,1.80312,0.11300,0.01838
1.05899,1.78602,0.11445,0.01828
1.05224,1.76903,0.11602,0.01815
1.04550,1.75218,0.11827,0.01805
1.03877,1.73543,0.12045,0.01796
1.03203,1.71878,0.12410,0.01786
1.02529,1.70224,0.12580,0.01883
1.01815,1.68482,0.12443,0.01979
1.01060,1.66652,0.12705,0.01967
1.00305,1.64836,0.13112,0.01955
0.99550,1.63033,0.13325,0.01941
0.98796,1.61245,0.13581,0.01927
0.98042,1.59471,0.13871,0.01915
0.97288,1.57710,0.14127,0.01903
0.96535,1.55963,0.14361,0.01889
0.95782,1.54230,0.14642,0.01876
0.95030,1.52511,0.14960,0.01864
0.94277,1.50806,0.15242,0.01852
0.93525,1.49114,0.15499,0.01838
0.92774,1.47436,0.15808,0.01825
0.92023,1.45772,0.16157,0.01813
0.91272,1.44122,0.16468,0.01801
0.90521,1.42485,0.16752,0.01788
0.89771,1.40862,0.17092,0.01775
0.89022,1.39253,0.17476,0.01763
0.88272,1.37657,0.18138,0.01751
0.87523,1.36074,0.18464,0.01862
0.86721,1.34395,0.18260,0.01969
0.85866,1.32620,0.18724,0.01954
0.85011,1.30863,0.19426,0.01939
0.84156,1.29123,0.19849,0.01921
0.83303,1.27402,0.20373,0.01906
0.82450,1.25698,0.20866,0.01891
0.81597,1.24011,0.21318,0.01874
0.80744,1.22342,0.21841,0.01857
0.79892,1.20691,0.22418,0.01843
0.79041,1.19057,0.22922,0.01828
0.78189,1.17440,0.23441,0.01810
0.77339,1.15842,0.24081,0.01795
0.76489,1.14261,0.24686,0.01781
0.75639,1.12697,0.25243,0.01764
0.74790,1.11150,0.25885,0.01748
0.73942,1.09622,0.26594,0.01734
0.73093,1.08110,0.28366,0.01719
0.72245,1.06614,0.27925,0.01984
0.71257,1.04893,0.27767,0.01965
0.70269,1.03195,0.29594,0.01945
0.69281,1.01519,0.30454,0.01919
0.68297,0.99872,0.31469,0.01900
0.67313,0.98247,0.32383,0.01881
0.66328,0.96644,0.33327,0.01859
0.65346,0.95066,0.34437,0.01840
0.64364,0.93511,0.35470,0.01821
0.63381,0.91977,0.36522,0.01799
0.62401,0.90469,0.37758,0.01781
0.61420,0.88982,0.38910,0.01762
0.60440,0.87518,0.40082,0.01741
0.59461,0.86079,0.41459,0.01723
0.58483,0.84661,0.38407,0.01704
0.57504,0.83266,0.43729,0.01012
0.56918,0.82440,0.63775,0.01006
0.56332,0.81623,0.46321,0.01992
0.55160,0.80012,0.41777,0.01965
0.53989,0.78434,0.49511,0.01938
0.52819,0.76889,0.51442,0.01913
0.51649,0.75375,0.53452,0.01885
0.50481,0.73895,0.55642,0.01860
0.49314,0.72447,0.57841,0.01834
0.48147,0.71032,0.60195,0.01809
0.46982,0.69648,0.62591,0.01785
0.45817,0.68297,0.65082,0.01758
0.44654,0.66978,0.67792,0.01735
0.43490,0.65691,0.70509,0.01710
0.42329,0.64436,0.73413,0.01686
0.41168,0.63213,0.76363,0.01664
0.40007,0.62021,0.79422,0.01639
0.38848,0.60862,0.83772,0.01617
0.37690,0.59734,0.87189,0.01672
0.36475,0.58585,0.88866,0.01723
0.35206,0.57420,0.92702,0.01698
0.33936,0.56291,0.97809,0.01671
0.32670,0.55202,1.05505,0.01647
0.31403,0.54150,1.10182,0.01823
0.29979,0.53011,1.09298,0.01990
0.28399,0.51802,1.15046,0.01953
0.26821,0.50651,1.24147,0.01918
0.25244,0.49558,1.30610,0.01884
0.23669,0.48524,1.37263,0.01852
0.22096,0.47547,1.44078,0.01821
0.20524,0.46628,1.51021,0.01791
0.18954,0.45767,1.58051,0.01762
0.17386,0.44963,1.65119,0.01735
0.15819,0.44216,1.72169,0.01710
0.14254,0.43527,1.79138,0.01687
0.12691,0.42894,1.85957,0.01664
0.11129,0.42317,1.92550,0.01644
0.09570,0.41797,1.98838,0.01626
0.08011,0.41334,2.05064,0.01609
0.06455,0.40926,2.10496,0.01604
0.04890,0.40573,2.14721,0.01601
0.03317,0.40274,2.19024,0.01590
0.01745,0.40032,2.22971,0.01581
0.00176,0.39846,2.25784,0.01573
-0.01392,0.39718,2.27772,0.01568
-0.02959,0.39646,2.28899,0.01565
-0.04523,0.39630,2.29148,0.01563
-0.06086,0.39670,2.28517,0.01564
-0.07647,0.39766,2.27020,0.01567
-0.09206,0.39918,2.24689,0.01571
-0.10764,0.40125,2.21568,0.01578
-0.12320,0.40387,2.17718,0.01586
-0.13874,0.40705,2.13206,0.01596
-0.15426,0.41078,2.08109,0.01608
-0.16977,0.41505,2.02509,0.01622
-0.18526,0.41987,1.96488,0.01637
-0.20073,0.42523,1.90131,0.01654
-0.21618,0.43113,1.83519,0.01673
-0.23162,0.43758,1.76683,0.01693
-0.24704,0.44456,1.69784,0.01712
-0.26243,0.45207,1.62930,0.01733
-0.27778,0.46011,1.56019,0.01757
-0.29312,0.46868,1.49138,0.01782
-0.30844,0.47777,1.42401,0.01808
-0.32375,0.48740,1.35807,0.01835
-0.33903,0.49755,1.29388,0.01863
-0.35430,0.50822,1.23165,0.01892
-0.36955,0.51941,1.17156,0.01922
-0.38479,0.53112,1.08694,0.01952
-0.40000,0.54335,1.03387,0.01784
-0.41368,0.55480,1.04429,0.01607
-0.42583,0.56533,1.00048,0.01630
-0.43798,0.57619,0.92926,0.01648
-0.45009,0.58737,0.89260,0.01671
-0.46221,0.59888,0.85573,0.01693
-0.47432,0.61071,0.82131,0.01715
-0.48641,0.62287,0.78741,0.01739
-0.49850,0.63536,0.75481,0.01759
-0.51056,0.64816,0.72514,0.01783
-0.52262,0.66129,0.69538,0.01806
-0.53467,0.67474,0.66770,0.01828
-0.54671,0.68850,0.64016,0.01854
-0.55874,0.70260,0.61435,0.01871
-0.57073,0.71697,0.59102,0.01896
-0.58271,0.73166,0.56706,0.01920
-0.59468,0.74667,0.54506,0.01943
-0.60664,0.76199,0.50225,0.01969
-0.61860,0.77764,0.50416,0.01657
-0.62854,0.79090,0.51248,0.01675
-0.63848,0.80438,0.47134,0.01694
-0.64842,0.81810,0.45538,0.01708
-0.65834,0.83200,0.44230,0.01726
-0.66826,0.84613,0.42784,0.01745
-0.67818,0.86049,0.41359,0.01759
-0.68807,0.87504,0.40197,0.01778
-0.69797,0.88981,0.38906,0.01797
-0.70786,0.90481,0.37633,0.01811
-0.71773,0.91999,0.36598,0.01830
-0.72761,0.93540,0.35446,0.01849
-0.73748,0.95103,0.34307,0.01863
-0.74733,0.96685,0.33385,0.01882
-0.75718,0.98289,0.32354,0.01901
-0.76702,0.99916,0.31334,0.01916
-0.77685,1.01560,0.30513,0.01935
-0.78668,1.03227,0.29589,0.01954
-0.79650,1.04916,0.28674,0.01968
-0.80631,1.06623,0.24500,0.01988
-0.81611,1.08352,0.27396,0.01001
-0.82101,1.09225,0.38119,0.01006
-0.82591,1.10103,0.26089,0.01731
-0.83430,1.11618,0.23016,0.01745
-0.84268,1.13149,0.25120,0.01760
-0.85106,1.14696,0.24443,0.01770
-0.85943,1.16256,0.23890,0.01780
-0.86777,1.17829,0.23403,0.01794
-0.87612,1.19417,0.22795,0.01809
-0.88447,1.21022,0.22209,0.01818
-0.89280,1.22638,0.21779,0.01833
-0.90112,1.24271,0.21294,0.01847
-0.90945,1.25919,0.20743,0.01859
-0.91777,1.27582,0.20286,0.01871
-0.92608,1.29258,0.19893,0.01885
-0.93439,1.30950,0.19400,0.01899
-0.94269,1.32658,0.18920,0.01909
-0.95098,1.34377,0.18573,0.01923
-0.95927,1.36112,0.18179,0.01937
-0.96756,1.37863,0.17725,0.01949
-0.97584,1.39628,0.17352,0.01961
-0.98411,1.41406,0.17033,0.01975
-0.99238,1.43200,0.16117,0.01990
-1.00064,1.45010,0.16245,0.01748
-1.00786,1.46602,0.16562,0.01759
-1.01508,1.48207,0.15739,0.01770
-1.02230,1.49823,0.15384,0.01781
-1.02952,1.51451,0.15057,0.01788
-1.03672,1.53087,0.14849,0.01799
-1.04392,1.54736,0.14627,0.01810
-1.05112,1.56396,0.14303,0.01820
-1.05832,1.58068,0.14003,0.01827
-1.06550,1.59747,0.13816,0.01838
-1.07269,1.61439,0.13615,0.01849
-1.07987,1.63142,0.13318,0.01860
-1.08706,1.64858,0.13044,0.01866
-1.09422,1.66580,0.12875,0.01877
-1.10139,1.68315,0.12693,0.01888
-1.10855,1.70062,0.12420,0.01899
-1.11572,1.71820,0.12169,0.01905
-1.12287,1.73586,0.12016,0.01916
-1.13002,1.75363,0.11851,0.01927
-1.13717,1.77152,0.11556,0.01938
-1.14432,1.78953,0.11364,0.01916
-1.15135,1.80735,0.11271,0.01926
-1.15838,1.82528,0.11087,0.01937
-1.16541,1.84333,0.10880,0.01947
-1.17244,1.86149,0.10658,0.01955
-1.17946,1.87974,0.10494,0.01963
-1.18647,1.89808,0.10372,0.01974
-1.19348,1.91653,0.10226,0.01984
-1.20049,1.93510,0.09767,0.01995
-1.20750,1.95377,0.09822,0.01799
-1.21379,1.97063,31.15495,0.01808
-1.22009,1.98758,1.73524,0.66779
-1.88787,1.98350,2.37038,0.01977
-1.88353,1.96421,38.99240,0.01972
-1.87920,1.94497,0.02491,0.01968
-1.87486,1.92577,0.02486,0.01964
-1.87053,1.90662,0.02481,0.01960
-1.86619,1.88751,0.02497,0.01955
-1.86186,1.86844,0.02513,0.01951
-1.85752,1.84941,0.02530,0.01947
-1.85319,1.83043,0.02569,0.01943
-1.84885,1.81149,0.02605,0.01944
-1.84451,1.79254,0.02599,0.01940
-1.84016,1.77364,0.02597,0.01936
-1.83581,1.75478,0.02614,0.01931
-1.83147,1.73596,0.02631,0.01927
-1.82712,1.71718,0.02649,0.01923
-1.82277,1.69845,0.02690,0.01919
-1.81842,1.67976,0.02728,0.01920
-1.81406,1.66107,0.02722,0.01916
-1.80970,1.64241,0.02721,0.01911
-1.80534,1.62380,0.02739,0.01907
-1.80098,1.60524,0.02757,0.01903
-1.79662,1.58672,0.02776,0.01899
-1.79227,1.56824,0.02819,0.01894
-1.78791,1.54980,0.02859,0.01895
-1.78353,1.53136,0.02854,0.01891
-1.77916,1.51296,0.02852,0.01887
-1.77479,1.49461,0.02872,0.01883
-1.77042,1.47630,0.02892,0.01878
-1.76604,1.45803,0.02911,0.01874
-1.76167,1.43981,0.02957,0.01870
-1.75730,1.42163,0.02999,0.01871
-1.75291,1.40344,0.02994,0.01866
-1.74853,1.38530,0.02993,0.01862
-1.74414,1.36720,0.03014,0.01858
-1.73976,1.34915,0.03035,0.01853
-1.73537,1.33114,0.03056,0.01849
-1.73099,1.31318,0.03165,0.01845
-1.72660,1.29526,0.03147,0.01988
-1.72187,1.27595,0.03088,0.01983
-1.71713,1.25670,0.03147,0.01978
-1.71240,1.23750,0.03171,0.01973
-1.70766,1.21835,0.03195,0.01968
-1.70292,1.19926,0.03233,0.01963
-1.69819,1.18021,0.03281,0.01960
-1.69344,1.16119,0.03304,0.01958
-1.68870,1.14220,0.03306,0.01953
-1.68395,1.12325,0.03321,0.01948
-1.67920,1.10436,0.03347,0.01943
-1.67445,1.08552,0.03373,0.01938
-1.66970,1.06674,0.03427,0.01933
-1.66495,1.04800,0.03476,0.01933
-1.66019,1.02927,0.03476,0.01928
-1.65542,1.01058,0.03481,0.01923
-1.65066,0.99195,0.03509,0.01918
-1.64590,0.97338,0.03537,0.01913
-1.64113,0.95485,0.03579,0.01908
-1.63637,0.93638,0.03633,0.01905
-1.63160,0.91793,0.03660,0.01903
-1.62682,0.89951,0.03664,0.01898
-1.62205,0.88114,0.03681,0.01893
-1.61727,0.86282,0.03711,0.01888
-1.61249,0.84456,0.03741,0.01883
-1.60772,0.82635,0.03859,0.01878
-1.60294,0.80819,0.03855,0.01991
-1.59786,0.78894,0.03804,0.01985
-1.59278,0.76975,0.03870,0.01979
-1.58770,0.75062,0.03903,0.01974
-1.58262,0.73155,0.03951,0.01968
-1.57754,0.71253,0.04009,0.01965
-1.57246,0.69356,0.04042,0.01961
-1.56736,0.67462,0.04054,0.01956
-1.56227,0.65573,0.04079,0.01950
-1.55718,0.63691,0.04116,0.01944
-1.55209,0.61815,0.04180,0.01938
-1.54699,0.59945,0.04239,0.01937
-1.54189,0.58076,0.04250,0.01932
-1.53678,0.56213,0.04266,0.01926
-1.53168,0.54356,0.04305,0.01920
-1.52657,0.52505,0.04358,0.01914
-1.52147,0.50661,0.04423,0.01911
-1.51636,0.48819,0.04461,0.01907
-1.51124,0.46982,0.04476,0.01902
-1.50612,0.45151,0.04506,0.01896
-1.50100,0.43325,0.04548,0.01890
-1.49588,0.41506,0.04619,0.01884
-1.49077,0.39693,0.04686,0.01883
-1.48563,0.37881,0.04700,0.01877
-1.48050,0.36076,0.04720,0.01871
-1.47537,0.34276,0.04764,0.01865
-1.47024,0.32483,0.04825,0.01860
-1.46511,0.30695,0.04898,0.01856
-1.45997,0.28912,0.04942,0.01852
-1.45483,0.27132,0.04961,0.01847
-1.44968,0.25359,0.04995,0.01841
-1.44454,0.23591,0.05043,0.01835
-1.43940,0.21830,0.04538,0.01829
-1.43425,0.20075,0.05205,0.01006
-1.43142,0.19109,0.06284,0.01004
-1.42858,0.18146,0.05197,0.01002
-1.42574,0.17185,0.06536,0.01001
-1.42291,0.16225,0.05266,0.01996
-1.41723,0.14311,0.04649,0.01989
-1.41156,0.12405,0.05397,0.01982
-1.40589,0.10506,0.05480,0.01979
-1.40020,0.08610,0.05508,0.01972
-1.39452,0.06722,0.05543,0.01965
-1.38883,0.04841,0.05604,0.01958
-1.38314,0.02967,0.05698,0.01951
-1.37745,0.01101,0.05787,0.01949
-1.37175,-0.00762,0.05818,0.01941
-1.36605,-0.02618,0.05857,0.01934
-1.36035,-0.04467,0.05922,0.01927
-1.35465,-0.06307,0.06022,0.01920
-1.34895,-0.08141,0.06117,0.01917
-1.34323,-0.09971,0.06152,0.01910
-1.33752,-0.11794,0.06194,0.01903
-1.33180,-0.13609,0.06265,0.01896
-1.32609,-0.15417,0.06383,0.01889
-1.32037,-0.17217,0.06479,0.01895
-1.31462,-0.19023,0.06508,0.01888
-1.30886,-0.20821,0.06559,0.01881
-1.30310,-0.22611,0.06636,0.01873
-1.29735,-0.24393,0.06751,0.01866
-1.29159,-0.26168,0.06860,0.01863
-1.28582,-0.27940,0.06903,0.01856
-1.28005,-0.29704,0.06955,0.01849
-1.27428,-0.31460,0.07038,0.01841
-1.26851,-0.33209,0.07162,0.01834
-1.26274,-0.34950,0.07279,0.01831
-1.25695,-0.36687,0.07326,0.01824
-1.25117,-0.38417,0.07383,0.01817
-1.24538,-0.40139,0.07473,0.01809
-1.23960,-0.41853,0.06747,0.01802
-1.23381,-0.43560,0.09109,0.01000
-1.23059,-0.44507,0.08812,0.01994
-1.22415,-0.46394,0.06847,0.01985
-1.21770,-0.48272,0.07923,0.01976
-1.21126,-0.50139,0.08073,0.01967
-1.20481,-0.51998,0.08216,0.01963
-1.19835,-0.53851,0.08290,0.01953
-1.19189,-0.55694,0.08375,0.01944
-1.18543,-0.57528,0.08514,0.01935
-1.17898,-0.59353,0.08673,0.01929
-1.17251,-0.61170,0.08791,0.01922
-1.16603,-0.62979,0.08878,0.01913
-1.15956,-0.64779,0.08989,0.01904
-1.15308,-0.66569,0.09164,0.01895
-1.14660,-0.68350,0.09331,0.01890
-1.14011,-0.70125,0.09422,0.01881
-1.13362,-0.71890,0.09524,0.01872
-1.12713,-0.73646,0.09688,0.01863
-1.12064,-0.75391,0.09874,0.01856
-1.11414,-0.77130,0.10015,0.01849
-1.10763,-0.78860,0.10121,0.01840
-1.10112,-0.80581,0.10254,0.01831
-1.09462,-0.82292,0.10459,0.01822
-1.08811,-0.83994,0.10657,0.01817
-1.08159,-0.85689,0.10767,0.01808
-1.07506,-0.87375,0.10892,0.01799
-1.06854,-0.89051,0.11264,0.01789
-1.06202,-0.90717,0.11483,0.01894
-1.05508,-0.92479,0.11322,0.01996
-1.04772,-0.94335,0.11475,0.01984
-1.04036,-0.96178,0.11845,0.01973
-1.03301,-0.98008,0.12103,0.01961
-1.02565,-0.99826,0.12321,0.01949
-1.01830,-1.01630,0.12494,0.01937
-1.01094,-1.03422,0.12721,0.01926
-1.00359,-1.05202,0.12999,0.01916
-0.99623,-1.06971,0.13229,0.01907
-0.98886,-1.08730,0.13422,0.01895
-0.98149,-1.10476,0.13678,0.01884
-0.97412,-1.12210,0.13983,0.01875
-0.96674,-1.13933,0.14235,0.01865
-0.95935,-1.15646,0.14450,0.01854
-0.95196,-1.17346,0.14731,0.01842
-0.94457,-1.19034,0.15065,0.01833
-0.93718,-1.20711,0.15344,0.01823
-0.92977,-1.22377,0.15582,0.01812
-0.92236,-1.24031,0.15892,0.01800
-0.91496,-1.25672,0.16259,0.01791
-0.90754,-1.27302,0.16567,0.01782
-0.90012,-1.28922,0.16832,0.01770
-0.89269,-1.30528,0.17489,0.01759
-0.88527,-1.32122,0.17897,0.01874
-0.87731,-1.33818,0.17662,0.01986
-0.86880,-1.35613,0.18006,0.01971
-0.86030,-1.37392,0.18759,0.01956
-0.85179,-1.39153,0.19245,0.01946
-0.84326,-1.40902,0.19625,0.01931
-0.83474,-1.42634,0.20076,0.01916
-0.82621,-1.44350,0.20617,0.01903
-0.81768,-1.46050,0.21099,0.01890
-0.80913,-1.47736,0.21542,0.01875
-0.80059,-1.49405,0.22119,0.01860
-0.79204,-1.51057,0.22716,0.01849
-0.78348,-1.52696,0.23191,0.01834
-0.77491,-1.54319,0.23750,0.01820
-0.76634,-1.55924,0.24416,0.01807
-0.75777,-1.57514,0.25015,0.01794
-0.74918,-1.59089,0.25569,0.01779
-0.74060,-1.60647,0.26267,0.01764
-0.73201,-1.62188,0.27029,0.01748
-0.72343,-1.63712,0.27642,0.01733
-0.71485,-1.65218,0.28920,0.01719
-0.70627,-1.66707,0.29762,0.01848
-0.69696,-1.68303,0.29422,0.01973
-0.68692,-1.70001,0.30284,0.01953
-0.67689,-1.71676,0.31834,0.01935
-0.66684,-1.73330,0.32813,0.01917
-0.65678,-1.74962,0.33816,0.01898
-0.64672,-1.76571,0.34946,0.01880
-0.63665,-1.78159,0.36044,0.01862
-0.62657,-1.79725,0.37170,0.01843
-0.61649,-1.81267,0.38438,0.01825
-0.60640,-1.82788,0.39672,0.01808
-0.59629,-1.84287,0.40939,0.01788
-0.58618,-1.85763,0.42362,0.01771
-0.57607,-1.87216,0.43751,0.01754
-0.56594,-1.88648,0.45177,0.01734
-0.55581,-1.90056,0.46777,0.01717
-0.54567,-1.91441,0.48340,0.01700
-0.53551,-1.92805,0.51233,0.01681
-0.52536,-1.94145,0.53092,0.01830
-0.51418,-1.95593,0.52612,0.01972
-0.50197,-1.97142,22.06091,0.01945
-0.48976,-1.98656,0.81881,1.06248
0.57272,-1.98681,0.81915,0.01917
0.58476,-1.97190,22.39175,0.01945
0.59681,-1.95663,0.51580,0.01971
0.60887,-1.94103,0.51859,0.01666
0.61893,-1.92775,0.52432,0.01685
0.62899,-1.91424,0.48290,0.01704
0.63905,-1.90049,0.46781,0.01726
0.64913,-1.88648,0.45151,0.01745
0.65921,-1.87223,0.43733,0.01764
0.66930,-1.85775,0.42385,0.01787
0.67940,-1.84301,0.40929,0.01807
0.68950,-1.82803,0.39662,0.01826
0.69960,-1.81282,0.38459,0.01849
0.70972,-1.79734,0.37157,0.01869
0.71984,-1.78163,0.36026,0.01889
0.72996,-1.76568,0.34952,0.01913
0.74010,-1.74946,0.33787,0.01933
0.75024,-1.73300,0.32776,0.01953
0.76039,-1.71631,0.31815,0.01977
0.77055,-1.69935,0.27000,0.01998
0.78071,-1.68215,0.30027,0.01007
0.78579,-1.67346,0.42116,0.01012
0.79087,-1.66471,0.28901,0.01750
0.79959,-1.64954,0.25214,0.01765
0.80832,-1.63420,0.27472,0.01780
0.81704,-1.61868,0.26830,0.01797
0.82578,-1.60298,0.26138,0.01815
0.83452,-1.58708,0.25424,0.01830
0.84326,-1.57100,0.24816,0.01845
0.85200,-1.55475,0.24260,0.01859
0.86074,-1.53834,0.23612,0.01874
0.86947,-1.52175,0.23002,0.01890
0.87820,-1.50499,0.22488,0.01907
0.88694,-1.48804,0.21930,0.01925
0.89569,-1.47089,0.21354,0.01941
0.90444,-1.45357,0.20877,0.01956
0.91319,-1.43607,0.20411,0.01976
0.92196,-1.41836,0.17428,0.01992
0.93072,-1.40048,0.19486,0.01002
0.93510,-1.39147,0.23974,0.01006
0.93949,-1.38241,0.22546,0.01010
0.94387,-1.37332,0.18724,0.01780
0.95155,-1.35726,0.16350,0.01793
0.95924,-1.34106,0.17936,0.01805
0.96692,-1.32473,0.17623,0.01817
0.97461,-1.30826,0.17301,0.01833
0.98231,-1.29163,0.16904,0.01846
0.99001,-1.27485,0.16535,0.01858
0.99771,-1.25795,0.16253,0.01870
1.00541,-1.24090,0.15961,0.01886
1.01312,-1.22369,0.15602,0.01899
1.02083,-1.20633,0.15267,0.01911
1.02855,-1.18884,0.15012,0.01924
1.03626,-1.17122,0.14748,0.01940
1.04399,-1.15342,0.14422,0.01953
1.05172,-1.13548,0.14118,0.01966
1.05945,-1.11741,0.13505,0.01978
1.06718,-1.09920,0.13666,0.01773
1.07406,-1.08287,0.13807,0.01783
1.08094,-1.06642,0.13130,0.01793
1.08783,-1.04987,0.12930,0.01803
1.09471,-1.03321,0.12749,0.01815
1.10160,-1.01642,0.12531,0.01826
1.10850,-0.99951,0.12291,0.01837
1.11539,-0.98249,0.12076,0.01847
1.12229,-0.96536,0.11915,0.01857
1.12918,-0.94812,0.11746,0.01871
1.13609,-0.93073,0.11519,0.01881
1.14300,-0.91324,0.11308,0.01891
1.14991,-0.89563,0.11143,0.01901
1.15682,-0.87792,0.10993,0.01913
1.16373,-0.86008,0.10812,0.01926
1.17066,-0.84211,0.10612,0.01936
1.17758,-0.82403,0.10432,0.01946
1.18450,-0.80584,0.10293,0.01956
1.19142,-0.78755,0.10162,0.01964
1.19834,-0.76916,0.09979,0.01975
1.20525,-0.75066,0.09793,0.01985
1.21216,-0.73205,0.08448,0.01995
1.21908,-0.71334,0.10837,0.01002
1.22253,-0.70394,0.11149,0.01813
1.22877,-0.68691,0.08265,0.01821
1.23500,-0.66980,0.09161,0.01830
1.24124,-0.65260,0.09036,0.01838
1.24747,-0.63531,0.08942,0.01846
1.25370,-0.61793,0.08842,0.01858
1.25995,-0.60043,0.08692,0.01867
1.26619,-0.58284,0.08554,0.01875
1.27244,-0.56515,0.08439,0.01884
1.27869,-0.54738,0.08354,0.01892
1.28493,-0.52952,0.08262,0.01904
1.29119,-0.51153,0.08124,0.01913
1.29745,-0.49346,0.07997,0.01921
1.30370,-0.47529,0.07892,0.01930
1.30996,-0.45704,0.07813,0.01938
1.31622,-0.43869,0.07729,0.01951
1.32249,-0.42022,0.07602,0.01959
1.32875,-0.40166,0.07485,0.01968
1.33502,-0.38300,0.07388,0.01976
1.34129,-0.36426,0.07151,0.01985
1.34756,-0.34543,0.07245,0.01815
1.35327,-0.32820,0.07312,0.01822
1.35898,-0.31089,0.07031,0.01830
1.36469,-0.29351,0.06949,0.01837
1.37040,-0.27605,0.06881,0.01844
1.37611,-0.25852,0.06822,0.01853
1.38182,-0.24089,0.06740,0.01862
1.38754,-0.22318,0.06642,0.01869
1.39326,-0.20539,0.06557,0.01876
1.39898,-0.18752,0.06483,0.01883
1.40470,-0.16958,0.06432,0.01890
1.41042,-0.15156,0.06375,0.01901
1.41615,-0.13343,0.06281,0.01908
1.42189,-0.11523,0.06194,0.01916
1.42762,-0.09695,0.06124,0.01923
1.43335,-0.07860,0.06066,0.01930
1.43908,-0.06017,0.06017,0.01939
1.44481,-0.04165,0.05947,0.01948
1.45055,-0.02303,0.05863,0.01955
1.45630,-0.00434,0.05790,0.01963
1.46204,0.01443,0.05726,0.01970
1.46778,0.03327,0.05565,0.01977
1.47352,0.05219,0.05639,0.01822
1.47879,0.06963,0.05688,0.01828
1.48406,0.08713,0.05489,0.01834
1.48934,0.10470,0.05434,0.01840
1.49461,0.12234,0.05380,0.01847
1.49988,0.14004,0.05347,0.01853
1.50515,0.15780,0.05309,0.01862
1.51044,0.17566,0.05237,0.01869
1.51572,0.19358,0.05170,0.01875
1.52100,0.21157,0.05120,0.01881
1.52628,0.22962,0.05070,0.01887
1.53157,0.24773,0.05036,0.01893
1.53685,0.26591,0.05006,0.01897
1.54212,0.28414,0.04942,0.01903
1.54740,0.30242,0.04875,0.01909
1.55267,0.32077,0.04828,0.01915
1.55795,0.33919,0.04782,0.01922
1.56323,0.35766,0.04754,0.01928
1.56850,0.37620,0.04721,0.01938
1.57379,0.39485,0.04659,0.01944
1.57907,0.41355,0.04602,0.01950
1.58436,0.43232,0.04558,0.01956
1.58964,0.45115,0.04515,0.01962
1.59493,0.47005,0.04489,0.01968
1.60021,0.48901,0.04459,0.01978
1.60551,0.50807,0.04401,0.01985
1.61080,0.52720,0.04348,0.01991
1.61610,0.54639,0.03772,0.01997
1.62139,0.56565,0.04277,0.01001
1.62404,0.57530,0.05313,0.01002
1.62669,0.58497,0.04227,0.01004
1.62933,0.59465,0.05133,0.01005
1.63198,0.60435,0.04218,0.01864
1.63688,0.62233,0.03683,0.01869
1.64177,0.64037,0.04117,0.01874
1.64667,0.65847,0.04082,0.01880
1.65157,0.67662,0.04047,0.01885
1.65646,0.69482,0.04021,0.01890
1.66136,0.71308,0.04001,0.01898
1.66626,0.73141,0.03965,0.01905
1.67116,0.74981,0.03918,0.01910
1.67607,0.76827,0.03880,0.01915
1.68098,0.78679,0.03847,0.01921
1.68588,0.80536,0.03815,0.01926
1.69079,0.82398,0.03798,0.01931
1.69569,0.84266,0.03778,0.01940
1.70061,0.86144,0.03732,0.01946
1.70552,0.88026,0.03690,0.01951
1.71043,0.89914,0.03660,0.01956
1.71535,0.91808,0.03630,0.01962
1.72026,0.93707,0.03607,0.01967
1.72518,0.95612,0.03590,0.01974
1.73009,0.97524,0.03559,0.01982
1.73502,0.99444,0.03518,0.01987
1.73994,1.01369,0.03484,0.01992
1.74486,1.03300,0.03026,0.01998
1.74979,1.05236,0.03435,0.01001
1.75225,1.06206,0.04270,0.01002
1.75471,1.07178,0.03400,0.01004
1.75717,1.08151,0.04142,0.01005
1.75963,1.09125,0.03399,0.01873
1.76421,1.10942,0.02967,0.01878
1.76879,1.12763,0.03322,0.01883
1.77337,1.14590,0.03297,0.01888
1.77795,1.16421,0.03273,0.01892
1.78253,1.18257,0.03249,0.01897
1.78711,1.20097,0.03238,0.01902
1.79169,1.21943,0.03224,0.01910
1.79628,1.23797,0.03188,0.01914
1.80087,1.25656,0.03154,0.01919
1.80545,1.27519,0.03131,0.01924
1.81004,1.29387,0.03108,0.01929
1.81463,1.31261,0.03085,0.01933
1.81922,1.33139,0.03075,0.01938
1.82381,1.35021,0.03063,0.01946
1.82840,1.36913,0.03028,0.01951
1.83300,1.38809,0.02996,0.01956
1.83760,1.40710,0.02975,0.01960
1.84219,1.42615,0.02953,0.01965
1.84679,1.44526,0.02932,0.01970
1.85138,1.46441,0.02923,0.01975
1.85598,1.48362,0.02911,0.01983
1.86058,1.50291,0.02879,0.01988
1.86519,1.52224,0.02849,0.01992
1.86979,1.54163,0.02477,0.01997
1.87440,1.56106,0.02814,0.01000
1.87670,1.57080,0.03500,0.01002
1.87900,1.58054,0.02789,0.01003
1.88130,1.59030,0.02779,0.01004
1.88361,1.60007,0.02769,0.01005
1.88591,1.60986,0.03357,0.01006
1.88821,1.61965,0.02774,0.01845
1.89243,1.63762,0.02428,0.01849
1.89664,1.65563,0.02714,0.01853
1.90086,1.67368,0.02696,0.01857
1.90507,1.69176,0.02679,0.01861
1.90929,1.70989,0.02662,0.01865
1.91350,1.72806,0.02656,0.01869
1.91772,1.74628,0.02647,0.01876
1.92194,1.76456,0.02620,0.01880
1.92616,1.78288,0.02595,0.01884
1.93038,1.80125,0.02578,0.01888
1.93460,1.81965,0.02562,0.01892
1.93882,1.83810,0.02546,0.01896
1.94305,1.85659,0.02540,0.01900
1.94727,1.87512,0.02532,0.01908
1.95150,1.89372,0.02506,0.01912
1.95572,1.91236,0.02482,0.01916
1.95995,1.93104,0.02466,0.01920
1.96418,1.94977,0.02451,0.01924
1.96841,1.96853,38.28693,0.01928
1.97264,1.98734,6.78969,0.23431
1.73865,1.99967,5.52672,0.01773
1.73402,1.98256,33.84151,0.01768
1.72938,1.96550,0.04885,0.01848
1.72451,1.94766,0.04775,0.01928
1.71942,1.92907,0.04400,0.01922
1.71433,1.91054,0.04296,0.01916
1.70924,1.89207,0.04803,0.01910
1.70415,1.87365,0.05377,0.01870
1.69914,1.85563,0.04958,0.01865
1.69413,1.83767,0.04471,0.01859
1.68913,1.81977,0.04767,0.01854
1.68412,1.80192,0.05358,0.01831
1.67916,1.78430,0.05448,0.01809
1.67424,1.76689,0.04946,0.01803
1.66932,1.74954,0.04695,0.01798
1.66439,1.73225,0.05488,0.01792
1.65947,1.71502,0.05929,0.01972
1.65403,1.69606,0.05251,0.01966
1.64859,1.67717,0.04898,0.01959
1.64315,1.65835,0.05498,0.01953
1.63771,1.63959,0.06169,0.01914
1.63235,1.62121,0.05682,0.01908
1.62700,1.60290,0.05122,0.01902
1.62164,1.58465,0.05786,0.01895
1.61628,1.56647,0.06541,0.01852
1.61101,1.54872,0.05994,0.01846
1.60575,1.53102,0.05356,0.01840
1.60049,1.51339,0.06088,0.01834
1.59523,1.49583,0.06918,0.01791
1.59006,1.47868,0.06310,0.01785
1.58490,1.46159,0.05602,0.01779
1.57973,1.44457,0.06661,0.01773
1.57456,1.42760,0.07223,0.01978
1.56877,1.40869,0.06321,0.01971
1.56298,1.38985,0.06231,0.01963
1.55718,1.37109,0.07062,0.01938
1.55144,1.35258,0.07199,0.01914
1.54574,1.33431,0.06516,0.01906
1.54004,1.31612,0.06984,0.01899
1.53434,1.29800,0.07980,0.01852
1.52875,1.28035,0.07268,0.01845
1.52316,1.26276,0.06872,0.01838
1.51757,1.24525,0.07901,0.01811
1.51204,1.22801,0.08068,0.01784
1.50656,1.21103,0.07201,0.01778
1.50108,1.19412,0.07760,0.01771
1.49560,1.17727,0.08976,0.01725
1.49024,1.16088,0.08084,0.01719
1.48487,1.14455,0.07803,0.01712
1.47950,1.12829,0.08972,0.01832
1.47373,1.11090,0.08620,0.01951
1.46755,1.09239,0.08202,0.01942
1.46138,1.07397,0.09096,0.01911
1.45527,1.05587,0.09314,0.01880
1.44922,1.03806,0.08881,0.01872
1.44317,1.02034,0.09640,0.01842
1.43719,1.00292,0.09874,0.01811
1.43128,0.98580,0.09385,0.01804
1.42537,0.96876,0.10228,0.01774
1.41952,0.95201,0.10481,0.01744
1.41373,0.93556,0.09918,0.01737
1.40795,0.91918,0.10829,0.01710
1.40222,0.90307,0.11088,0.01683
1.39656,0.88722,0.10826,0.01676
1.39089,0.87145,0.11763,0.01809
1.38473,0.85443,0.11213,0.01941
1.37809,0.83620,0.11348,0.01931
1.37144,0.81806,0.12799,0.01870
1.36496,0.80053,0.12306,0.01860
1.35847,0.78309,0.12565,0.01826
1.35207,0.76600,0.12927,0.01791
1.34574,0.74924,0.13184,0.01782
1.33941,0.73258,0.14576,0.01728
1.33323,0.71644,0.13940,0.01720
1.32704,0.70040,0.14305,0.01686
1.32093,0.68468,0.14736,0.01653
1.31490,0.66929,0.16067,0.01645
1.30887,0.65398,0.16342,0.01983
1.30154,0.63556,0.15549,0.01971
1.29420,0.61727,0.16994,0.01898
1.28707,0.59968,0.17601,0.01887
1.27993,0.58222,0.18205,0.01820
1.27297,0.56540,0.18939,0.01810
1.26601,0.54869,0.19761,0.01738
1.25925,0.53267,0.20563,0.01729
1.25249,0.51676,0.21418,0.01659
1.24593,0.50153,0.22325,0.01649
1.23937,0.48639,0.23295,0.01580
1.23302,0.47192,0.24273,0.01572
1.22666,0.45755,0.25263,0.01509
1.22048,0.44378,0.28605,0.01501
1.21430,0.43011,0.28904,0.01910
1.20633,0.41275,0.27283,0.01857
1.19850,0.39591,0.30825,0.01806
1.19080,0.37958,0.36022,0.01716
1.18336,0.36411,0.35443,0.01669
1.17605,0.34911,0.37922,0.01622
1.16886,0.33457,0.45336,0.01535
1.16195,0.32086,0.44827,0.01487
1.15516,0.30763,0.48544,0.01440
1.14851,0.29486,0.62651,0.01356
1.14214,0.28289,0.64990,0.01631
1.13435,0.26857,0.64313,0.01843
1.12536,0.25248,0.77055,0.01716
1.11677,0.23762,0.95639,0.01591
1.10859,0.22397,1.15066,0.01475
1.10079,0.21145,1.40915,0.01360
1.09337,0.20005,1.77129,0.01241
1.08636,0.18981,2.55461,0.01125
1.07976,0.18070,3.56507,0.01491
1.07056,0.16897,5.48093,0.01587
1.05980,0.15730,16.37583,0.01335
1.04932,0.14904,51.09368,0.01280
1.03656,0.14794,64.86847,0.01622
1.03044,0.16297,30.69593,0.01373
1.02998,0.17668,12.06987,0.01123
1.03055,0.18790,4.79482,0.01307
1.03185,0.20090,2.74364,0.01493
1.03391,0.21569,1.86830,0.01684
1.03672,0.23229,1.27014,0.01878
1.04029,0.25073,0.90901,0.01711
1.04382,0.26747,0.80436,0.01448
1.04695,0.28161,0.69401,0.01749
1.05094,0.29864,0.51609,0.01861
1.05535,0.31672,0.39358,0.01975
1.06018,0.33588,0.36301,0.01393
1.06368,0.34936,0.29464,0.01434
1.06732,0.36323,0.23754,0.01475
1.07111,0.37749,0.26044,0.01553
1.07518,0.39247,0.18519,0.01594
1.07938,0.40785,0.16131,0.01635
1.08373,0.42361,0.17784,0.01715
1.08836,0.44013,0.12184,0.01759
1.09314,0.45706,0.10496,0.01804
1.09806,0.47442,0.11973,0.01886
1.10326,0.49255,0.07952,0.01931
1.10861,0.51110,0.06412,0.01976
1.11409,0.53009,0.07436,0.01545
1.11842,0.54491,0.05974,0.01549
1.12274,0.55979,0.04790,0.01615
1.12729,0.57528,0.04211,0.01619
1.13184,0.59082,0.03687,0.01684
1.13660,0.60697,0.03124,0.01689
1.14136,0.62317,0.02603,0.01753
1.14633,0.63999,0.02121,0.01759
1.15131,0.65686,0.01674,0.01825
1.15649,0.67435,0.01217,0.01831
1.16168,0.69191,0.00788,0.01901
1.16709,0.71014,0.00031,0.01908
1.17250,0.72844,0.00376,0.03959
1.18375,0.76640,0.00438,0.01641
1.18842,0.78213,0.01495,0.01646
1.19309,0.79792,0.01124,0.01676
1.19785,0.81399,0.01221,0.01706
1.20269,0.83035,0.01473,0.01711
1.20754,0.84676,0.00427,0.01771
1.21256,0.86375,0.01739,0.01777
1.21759,0.88079,0.01886,0.01808
1.22270,0.89813,0.01945,0.01839
1.22789,0.91577,0.02113,0.01845
1.23309,0.93347,0.01226,0.01903
1.23846,0.95173,0.02295,0.01910
1.24383,0.97006,0.02436,0.01942
1.24928,0.98870,0.02466,0.01975
1.25483,1.00765,0.02544,0.01982
1.26037,1.02668,0.01617,0.01704
1.26514,1.04304,0.03239,0.01709
1.26991,1.05945,0.03249,0.01714
1.27468,1.07592,0.01531,0.01764
1.27959,1.09286,0.03247,0.01770
1.28451,1.10986,0.03350,0.01775
1.28943,1.12692,0.01793,0.01825
1.29449,1.14446,0.03334,0.01831
1.29955,1.16206,0.03426,0.01837
1.30460,1.17971,0.02014,0.01888
1.30981,1.19786,0.03398,0.01894
1.31501,1.21608,0.03500,0.01900
1.32022,1.23435,0.02236,0.01965
1.32560,1.25325,0.03461,0.01972
1.33098,1.27222,0.03433,0.01978
1.33637,1.29125,0.02169,0.01741
1.34110,1.30801,0.03374,0.01746
1.34584,1.32481,0.03968,0.01751
1.35058,1.34167,0.02728,0.01777
1.35539,1.35877,0.02730,0.01802
1.36025,1.37613,0.03906,0.01808
1.36511,1.39354,0.03370,0.01813
1.36998,1.41100,0.02255,0.01860
1.37497,1.42891,0.03330,0.01865
1.37996,1.44688,0.03892,0.01871
1.38495,1.46491,0.02881,0.01899
1.39001,1.48322,0.02873,0.01928
1.39513,1.50180,0.03818,0.01934
1.40026,1.52045,0.03368,0.01940
1.40539,1.53916,0.02441,0.01988
1.41064,1.55833,0.03316,0.01994
1.41589,1.57757,0.03662,0.02000
1.42114,1.59687,0.03283,0.01003
1.42377,1.60655,0.02507,0.01796
1.42847,1.62388,0.03002,0.01801
1.43318,1.64126,0.04088,0.01806
1.43789,1.65870,0.03208,0.01811
1.44259,1.67618,0.02336,0.01854
1.44741,1.69408,0.03163,0.01859
1.45223,1.71204,0.03982,0.01864
1.45704,1.73005,0.03193,0.01869
1.46186,1.74811,0.02406,0.01917
1.46679,1.76664,0.03143,0.01923
1.47173,1.78523,0.03876,0.01928
1.47667,1.80387,0.03146,0.01934
1.48161,1.82256,0.02417,0.01979
1.48665,1.84169,0.03094,0.01984
1.49170,1.86088,0.03770,0.01990
1.49675,1.88013,0.03036,0.01996
1.50180,1.89944,0.02362,0.01814
1.50638,1.91699,0.03047,0.01819
1.51097,1.93459,0.03671,0.01823
1.51555,1.95224,0.03315,0.01828
1.52014,1.96994,0.02045,0.00000
1.52477,1.98786,0.01128,0.01851
