-9.522693240036479434e-01,1.811119917686231928e-01,4.648745837942048851e-12,3.405894709604122880e-03
-9.514618403250830747e-01,1.778032021286247988e-01,2.186015723994844658e-12,3.405894709604096859e-03
-9.506543566465183170e-01,1.744944124886264047e-01,2.466687677181846117e-12,3.405894709604095991e-03
-9.498468729679534484e-01,1.711856228486280385e-01,2.186015723994845062e-12,3.405894709604122880e-03
-9.490393892893885797e-01,1.678768332086296444e-01,2.466687677181827134e-12,3.405894709604122880e-03
-9.482319056108237110e-01,1.645680435686312504e-01,2.324372918971033311e-12,3.405894709604096859e-03
-9.474244219322589533e-01,1.612592539286328563e-01,2.466687677181836424e-12,3.405894709604122880e-03
-9.466169382536940846e-01,1.579504642886344623e-01,1.383578097853906620e-13,3.405894709604095991e-03
-9.458094545751292159e-01,1.546416746486360960e-01,2.466687677181846117e-12,3.405894709604096859e-03
-9.450019708965644583e-01,1.513328850086377020e-01,2.482336674284645106e+00,3.405894709604122880e-03
-9.441944872179995896e-01,1.480240953686393079e-01,2.653071412605723545e+00,7.591922119192342708e-03
-9.422144589587168051e-01,1.406949228671679764e-01,1.433299952025802293e+00,7.553930203428225153e-03
-9.401759655187564846e-01,1.334212438796470168e-01,1.260155681724674848e+00,7.515399199638966680e-03
-9.380792536701986206e-01,1.262042483445194596e-01,1.281230485313562761e+00,7.476355737287608202e-03
-9.359245815642647237e-01,1.190451085060763164e-01,1.302898035632031659e+00,7.436827222229738972e-03
-9.337122186848997307e-01,1.119449782521087788e-01,1.325161188189984518e+00,7.396843940275494786e-03
-9.314424520877817582e-01,1.049049882044313098e-01,1.348142120478506900e+00,7.356432740451029038e-03
-9.291155740080927483e-01,9.792625328561954667e-02,1.371848956692226951e+00,7.315620040472790159e-03
-9.267318780105687770e-01,9.100987490036940852e-02,1.396146655245241064e+00,7.274439490607274156e-03
-9.242916788882117318e-01,8.415692676502251057e-02,1.421037129822932732e+00,7.232922008713509217e-03
-9.217953023544650515e-01,7.736846118096810110e-02,1.446575969375911708e+00,7.191099145744041243e-03
-9.192430849642970747e-01,7.064550845785269595e-02,1.472762550288057026e+00,7.149003057978681880e-03
-9.166353740300833275e-01,6.398907634999111138e-02,1.499186579965293253e+00,7.106666476594431653e-03
-9.139725275321177733e-01,5.740014950733883514e-02,1.526655309090160895e+00,7.064161076405500207e-03
-9.112549755493661863e-01,5.087962169630655396e-02,1.555598500408488460e+00,7.021406504137257115e-03
-9.084829725333888328e-01,4.442856375394133028e-02,1.584340589651873632e+00,6.978550045547858051e-03
-9.056569711173443338e-01,3.804782110635472614e-02,1.613271711671456332e+00,6.935589055916194234e-03
-9.027773708883226611e-01,3.173828086370924367e-02,2.060239677562836658e+00,6.892558599194856077e-03
-8.998445815832116779e-01,2.550080453628630200e-02,1.462291535757594296e+00,1.365569392629073509e-02
-8.938211246863718706e-01,1.324535906823224793e-02,1.505679976944957144e+00,7.692243675895518024e-03
-8.902937743462692177e-01,6.409540730422772642e-03,2.152852037341397295e+00,7.637318278167665696e-03
-8.866995196684750447e-01,-3.291508186235719835e-04,1.813935946451247894e+00,7.582557413720751420e-03
-8.830390261095054649e-01,-6.969630005934812633e-03,2.026988352013296524e+00,7.528027651242099813e-03
-8.793129626653702902e-01,-1.351085707187169027e-02,1.922888101764486324e+00,9.980017080460441142e-03
-8.742262789162860148e-01,-2.209726431606201524e-02,1.833393427183343194e+00,9.884354947648122877e-03
-8.690250430458157371e-01,-3.050247806413702856e-02,2.011059655186751893e+00,9.789746882466402247e-03
-8.637109730150801523e-01,-3.872438804486526276e-02,2.076164586259575895e+00,9.721913514653022018e-03
-8.582675784378500650e-01,-4.677951423028130218e-02,2.118116366487870383e+00,9.629917711454672943e-03
-8.527140876652493651e-01,-5.464679173701940396e-02,2.176645055293962017e+00,9.539557705691401740e-03
-8.470523501230894370e-01,-6.232454461295341974e-02,2.243495639319988300e+00,9.475155254280170566e-03
-8.412656351713012626e-01,-6.982737722200610397e-02,2.284572149227737548e+00,9.388582313332789753e-03
-8.353737016662273751e-01,-7.713700083926663953e-02,2.342623107585000142e+00,9.304198731270129155e-03
-8.293785210042923239e-01,-8.425219042646167611e-02,2.408968140073686648e+00,9.245033565046509305e-03
-8.232632171739040494e-01,-9.118571079355335118e-02,2.446663340302515532e+00,9.165536903652541853e-03
-8.170479663066755327e-01,-9.792200973211240278e-02,2.501553438479687586e+00,9.088723603013207017e-03
-8.107348537477552242e-01,-1.044603204122783457e-01,2.564588817911492402e+00,9.036428102267086288e-03
-8.043069655555143971e-01,-1.108116420255721712e-01,2.595969575764093484e+00,8.965480929006964736e-03
-7.977847592805706878e-01,-1.169631193762150634e-01,2.644637666667716047e+00,8.897631613321832153e-03
-7.911704177124821991e-01,-1.229144498112556827e-01,2.701260620183061789e+00,8.853658235690663528e-03
-7.844470559551549593e-01,-1.286749767693145252e-01,2.723261252041085267e+00,8.792431093141128348e-03
-7.776353381939146159e-01,-1.342344143010112123e-01,2.762534799888253900e+00,8.734605979783116939e-03
-7.707375328978941509e-01,-1.395929237691613811e-01,2.809605059962280826e+00,8.700011883403194896e-03
-7.637368758210676400e-01,-1.447582898998471534e-01,2.819368863734642350e+00,8.649337667338500429e-03
-7.566541102232685612e-01,-1.497227106687057385e-01,2.846414625642354590e+00,8.602233860224128836e-03
-7.494915764986184170e-01,-1.544867990420711878e-01,2.881275881576484732e+00,8.577679609008868888e-03
-7.422327223437514832e-01,-1.590568782353869448e-01,2.876658944616161673e+00,8.537967677164127328e-03
-7.348982517758236854e-01,-1.634275113181908878e-01,2.889437137442808279e+00,8.501846355916558781e-03
-7.274905630539154622e-01,-1.675997456427375520e-01,2.909982009779719103e+00,8.487540044283450186e-03
-7.199933983108719460e-01,-1.715785465700246093e-01,2.889917472547944843e+00,8.458704955966955819e-03
-7.124273914653549422e-01,-1.753607720981614215e-01,2.888168096003536967e+00,8.433409166522982253e-03
-7.047948279285835005e-01,-1.789477435264196503e-01,2.894425284335062187e+00,8.429096489940059514e-03
-6.970798959692464658e-01,-1.823432541654134154e-01,2.858746933025311687e+00,8.410731453695606541e-03
-6.893028940729409859e-01,-1.855461661359560921e-01,2.841536098613384631e+00,8.395557790074817742e-03
-6.814662931953108238e-01,-1.885583210607918170e-01,2.833922617828709800e+00,8.400528539831721847e-03
-6.735546531223484124e-01,-1.913822954063591764e-01,2.784777598913702690e+00,8.391689590830770512e-03
-6.655879120707529628e-01,-1.940188634797609113e-01,2.754313887106988545e+00,8.385656154257407208e-03
-6.575685551087266933e-01,-1.964702188299775887e-01,2.734559914213666065e+00,8.398827930398157157e-03
-6.494816574839664680e-01,-1.987379043044390781e-01,2.674027900679958325e+00,8.398283386801416728e-03
-6.413466982277000739e-01,-2.008244329392558647e-01,2.632747963201203856e+00,8.400069662460261585e-03
-6.331661625183276909e-01,-2.027323128730746937e-01,2.603527838488791879e+00,8.420038594856273095e-03
-6.249257326948082225e-01,-2.044621586068093855e-01,2.534735353491063048e+00,8.426295195521753614e-03
-6.166443185918860648e-01,-2.060179963804847081e-01,2.485375864742993102e+00,8.434373546351290815e-03
-6.083243828568866141e-01,-2.074026719687975806e-01,2.449095861277591712e+00,8.459649166600503867e-03
-5.999521927153618206e-01,-2.086159717075759534e-01,2.374931599172376284e+00,8.471128794764814368e-03
-5.915460617195871240e-01,-2.096633421002114805e-01,2.320911355476859672e+00,8.483854629962248040e-03
-5.831084357551117314e-01,-2.105477953018805026e-01,2.280910354241104887e+00,8.512677979043876964e-03
-5.746263115429277590e-01,-2.112683889626776057e-01,2.204356161059535246e+00,8.527691198210049506e-03
-5.661172505008984501e-01,-2.118317692561279830e-01,2.148078070013300422e+00,8.543403583328917916e-03
-5.575836604565490573e-01,-2.122411416325999667e-01,2.106052801251026452e+00,8.574129483525134640e-03
-5.490132878764352187e-01,-2.124949333548602770e-01,2.029550033856419411e+00,8.590994722276153184e-03
-5.404229475166844043e-01,-2.126009655283406796e-01,1.974343425284052156e+00,8.608146252180683133e-03
-5.318148882434928781e-01,-2.125622686530960204e-01,1.933410678544811745e+00,8.639166791426454092e-03
-5.231777105584257681e-01,-2.123768920454444931e-01,1.858406213173967814e+00,8.656451209303989841e-03
-5.145273086935995277e-01,-2.120533257986399189e-01,3.882038027385614765e+00,8.673439541874014211e-03
-5.058659875859782273e-01,-2.115949916877367110e-01,1.056903785612705704e+00,5.247121669807332245e-02
-4.536780793779466303e-01,-2.061497351606080830e-01,9.781518954518884090e-01,7.526135734727401952e-03
-4.462366646278861926e-01,-2.050236509652107186e-01,3.713648526521074356e+00,7.534133554952762712e-03
-4.387995056558086637e-01,-2.038187298690754268e-01,1.346684172882676611e+00,7.541295931986111492e-03
-4.313679011345814551e-01,-2.025371688779924462e-01,1.330681731324308226e+00,7.547578101168799999e-03
-4.239431338108422542e-01,-2.011811580441207337e-01,1.314576271657157180e+00,7.564174976242618760e-03
-4.165163621025402829e-01,-1.997459559454668743e-01,1.257177348932143390e+00,7.568730530174937882e-03
-4.090988767959773398e-01,-1.982404349176080660e-01,1.201859305818518520e+00,7.572286093454155126e-03
-4.016919168429732845e-01,-1.966667573980020456e-01,1.189555198748275977e+00,7.574809053753048943e-03
-3.942967045558849470e-01,-1.950270722362356657e-01,1.177403574837700750e+00,7.586561200888382664e-03
-3.869055117561794876e-01,-1.933164642003586120e-01,1.124593216386881700e+00,7.587057129328987973e-03
-3.795284200414397180e-01,-1.915439084985484652e-01,1.073453554407981070e+00,7.586445599609350707e-03
-3.721666067105791065e-01,-1.897114616869342574e-01,1.064503806178178635e+00,7.584675753151201051e-03
-3.648212328487807632e-01,-1.878212793912681922e-01,1.056020677952694165e+00,7.591044691967190929e-03
-3.574857011907486837e-01,-1.858683495898026117e-01,1.007070720943844533e+00,7.587035596819349803e-03
-3.501688603166781544e-01,-1.838616237064456538e-01,9.596249947569337468e-01,7.581833116572296583e-03
-3.428718231345326828e-01,-1.818031189651494739e-01,9.755575745296262147e-01,7.575424971340387337e-03
-3.355956855194106581e-01,-1.796948293972262523e-01,9.559291335597009942e-01,8.106210787959056488e-03
-3.278277491370718000e-01,-1.773775426867046368e-01,8.901846039160724589e-01,8.096067769470638442e-03
-3.200862789381794249e-01,-1.750077425922826335e-01,8.577929379802688992e-01,8.084411568570001524e-03
-3.123725590763535842e-01,-1.725877764141507953e-01,8.337307548668014823e-01,8.071237446843347249e-03
-3.046878515015982725e-01,-1.701199548213640222e-01,8.375055130501856127e-01,8.056543306558226064e-03
-2.970333960054288291e-01,-1.676065505348216522e-01,8.419535623326759310e-01,8.050300362709711041e-03
-2.894031735054923837e-01,-1.650400274916155874e-01,7.940489329623605652e-01,8.032600275821677113e-03
-2.818056777608038965e-01,-1.624322074056873400e-01,7.472473313070251422e-01,8.013379313408718410e-03
-2.742420910867993111e-01,-1.597852460071423897e-01,7.276601381177683070e-01,7.992644184287758802e-03
-2.667135743638137102e-01,-1.571012569966665495e-01,7.822058137442133852e-01,7.970403534248427652e-03
-2.592212672061940948e-01,-1.543823112534341291e-01,7.382079667383333321e-01,9.939112864706119155e-03
-2.499024917950614932e-01,-1.509259563274699123e-01,6.560284253041563929e-01,9.899374919426041225e-03
-2.406441845154044246e-01,-1.474214777484498806e-01,6.505126407332085803e-01,9.856224766099415044e-03
-2.314487533237485350e-01,-1.438733498139760647e-01,6.560204640652053110e-01,9.810531326420568465e-03
-2.223181001802898016e-01,-1.402847988417135205e-01,6.624726782288274940e-01,9.796825762216321634e-03
-2.132253358045805292e-01,-1.366379603447331892e-01,6.224109187944475430e-01,9.745109899782364998e-03
-2.042019633834639691e-01,-1.329574825077303180e-01,5.843584021497579828e-01,9.690656604100740534e-03
-1.952499302582824947e-01,-1.292466970997263875e-01,5.950648934011995017e-01,9.633515095434669329e-03
-1.863711395498148238e-01,-1.255088248909429216e-01,6.076931594319479046e-01,9.577940957709783071e-03
-1.775671829108306787e-01,-1.217369154953898414e-01,5.723646369148404078e-01,9.515389749363422842e-03
-1.688404315398388533e-01,-1.179439677510644852e-01,5.374244212017568190e-01,9.450296926225818656e-03
-1.601926788665839763e-01,-1.141328674249058733e-01,5.547615918024787485e-01,9.382719811004679514e-03
-1.516256789024718887e-01,-1.103063882773443471e-01,5.744327601564750418e-01,9.313925749894482256e-03
-1.431439142818844990e-01,-1.064581572817439592e-01,5.403714800290446707e-01,9.241304900564809022e-03
-1.347466332423282454e-01,-1.025997395480204299e-01,5.095628459084925455e-01,9.165909777066338221e-03
-1.264356470748640160e-01,-9.873432741403800894e-02,5.401831396852757594e-01,9.089507777811397030e-03
-1.182121631730823907e-01,-9.486218793307502062e-02,5.661414461629696859e-01,9.033093484554735597e-03
-1.100615330629589189e-01,-9.096808897328292898e-02,5.323896902567926137e-01,8.950704058143030620e-03
-1.020027651175560296e-01,-8.707304566946652558e-02,5.029342306361509474e-01,8.866223861629824246e-03
-9.403741689392804137e-02,-8.317905629597299733e-02,5.368626491055313865e-01,8.779705748123756148e-03
-8.616702032211115414e-02,-7.928802933307871337e-02,5.743154178321081549e-01,8.686764310760651184e-03
-7.840155726024944371e-02,-7.539477136248823319e-02,5.479863799774329358e-01,8.595972583131694308e-03
-7.073447592889148261e-02,-7.150804928491515111e-02,5.210578897053447234e-01,8.503289310583066890e-03
-6.316725637549364114e-02,-6.762950350973734315e-02,5.651411344284524851e-01,8.408767528794252460e-03
-5.570135811658582375e-02,-6.376068785879947243e-02,6.141614635962415747e-01,8.305079460711402989e-03
-4.834958314214650443e-02,-5.989730209318686049e-02,5.915996175879100205e-01,8.206673038255521413e-03
-4.110248874228711324e-02,-5.604644438140929386e-02,5.674369885324324070e-01,8.106538304508357703e-03
-3.396148213666955185e-02,-5.220952010003657162e-02,6.265175518796204379e-01,8.004755082941905631e-03
-2.692797317968348078e-02,-4.838775928990193126e-02,6.910993531883186103e-01,7.911983298792533287e-03
-1.999952489273387410e-02,-4.456727711412397652e-02,6.702481150123978937e-01,7.806099884363267016e-03
-1.318242770704863322e-02,-4.076433333783979762e-02,6.491177839266413230e-01,7.698618799383340726e-03
-6.478144293652546640e-03,-3.697998196262624465e-02,7.900955816792346598e-01,7.589652034153606709e-03
1.119377570167195968e-04,-3.321519291608210356e-02,7.999446501969786905e-01,9.930498729626483639e-03
8.696119559312778802e-03,-2.822253552705145108e-02,7.428259083384584072e-01,9.730092187111563304e-03
1.707058695617529737e-02,-2.326844733762888084e-02,8.507545481451536107e-01,9.526366711267723192e-03
2.523185759060524516e-02,-1.835465813283577996e-02,9.601511187488284138e-01,9.299147412805588986e-03
3.315063306508016228e-02,-1.347950299787407935e-02,9.861199946422355422e-01,9.088545557343168102e-03
4.084866004809700746e-02,-8.648142846048631482e-03,1.072417350124825752e+00,8.875053919163222033e-03
4.832260758612411805e-02,-3.862049421670774030e-03,1.224582496876248427e+00,8.656740570458062306e-03
5.555738528684955185e-02,8.915964344380494788e-04,1.273545473711807929e+00,8.435781647183527091e-03
6.255905188018127949e-02,5.596814486216405982e-03,1.398724119946978428e+00,8.212241717167577393e-03
6.932418808600537830e-02,1.025233230251089422e-02,1.613123037577426810e+00,7.959866674088589972e-03
7.581669061216329830e-02,1.485742604934158981e-02,1.703350344799892779e+00,7.730686666548116683e-03
8.206461730241755570e-02,1.941010969852624557e-02,1.893047796975610986e+00,7.499255444585298941e-03
8.806445992873460082e-02,2.390907854511445385e-02,2.205944849827342402e+00,7.236892264496795103e-03
9.377696217267304790e-02,2.835204239382307922e-02,2.363831215461324575e+00,7.000907040162720162e-03
9.923317960395391935e-02,3.273865734473759004e-02,3.043811578172053167e+00,6.763261333022613404e-03
1.044295398811837111e-01,3.706757680899043506e-02,3.190004993167374181e+00,9.671978751218867840e-03
1.116866971653687340e-01,4.346138953041335518e-02,3.431433878813860083e+00,9.126403361332852474e-03
1.183331492791722950e-01,4.971566107973576787e-02,4.541646584815079990e+00,8.531149650976576487e-03
1.242943161499992927e-01,5.581852957786944541e-02,5.634911598555121692e+00,7.984268856993600311e-03
1.296175719132534598e-01,6.176928560208512498e-02,7.080030963274984934e+00,7.394085764473272773e-03
1.342249808673773859e-01,6.755238918250325297e-02,9.020905557963137866e+00,6.861541659035323357e-03
1.381677250285732184e-01,7.316803895951333458e-02,1.161638384305010518e+01,6.314089493833354577e-03
1.413705529822935347e-01,7.860951111647641876e-02,1.507246470053030940e+01,5.823607943561372874e-03
1.438798634320446190e-01,8.386477234186580365e-02,1.963117107900776404e+01,5.334866438429220620e-03
1.456131314464398918e-01,8.891022394763438419e-02,3.289695077649075472e+01,4.943661420071662586e-03
1.466295583327151264e-01,9.374826741800149077e-02,3.498333276109824652e+01,8.981225466788641393e-03
1.463264534573927855e-01,1.027243767265966501e-01,3.663665665157539308e+01,8.694987472481615839e-03
1.428830172219353878e-01,1.107084580161973031e-01,3.455793084623368117e+01,9.546605807790592771e-03
1.362522687315589898e-01,1.175765623330166237e-01,3.014662145894374490e+01,5.426126050550382322e-03
1.317176932307553561e-01,1.205565739007748716e-01,2.714096743310998505e+01,5.936267426090575429e-03
1.264195199236279599e-01,1.232340037433116986e-01,1.586772818733441959e+01,6.579268616195164433e-03
1.202730557507983300e-01,1.255808641345945720e-01,1.201382056247614649e+01,7.193710103456590378e-03
1.133709402240401093e-01,1.276082433067911581e-01,9.168659948566839191e+00,7.899499318127795738e-03
1.056515638944197505e-01,1.292855383192437757e-01,7.063297701572149201e+00,8.560287712125315071e-03
9.719840276348543084e-02,1.306355726183728305e-01,5.500980468605583873e+00,9.291841205480530497e-03
8.796015335393531087e-02,1.316320969958030829e-01,4.021759705552403474e+00,9.958736259616260064e-03
7.802416234677553297e-02,1.323047860727440406e-01,3.599816062182493059e+00,7.064799468681082738e-03
7.096391453060414689e-02,1.325583453496866904e-01,3.338168743447349485e+00,7.354612211150452113e-03
6.361019884060371832e-02,1.326731770833009527e-01,2.514406993862207784e+00,7.639078710988939265e-03
5.597114703347725456e-02,1.326529029440506879e-01,2.242907012686911727e+00,7.957333550280241974e-03
4.801561228603554166e-02,1.324837163232348847e-01,1.872372632435180151e+00,8.227109136581717969e-03
3.979378740885471111e-02,1.321888936066800135e-01,1.612568059243581153e+00,8.488165902681010441e-03
3.131575053590922308e-02,1.317743442460325431e-01,1.438280781672681918e+00,8.776655991914497981e-03
2.255605510879133899e-02,1.312289760909861602e-01,1.184081634570048447e+00,9.016382423612431460e-03
1.356319783845972432e-02,1.305780766177408458e-01,1.005079787969457961e+00,9.244480833713543746e-03
4.349051539460163651e-03,1.298297893296423700e-01,8.845885478197322849e-01,9.514203244688212990e-03
-5.126549441844494362e-03,1.289736062742541378e-01,6.951384628611595451e-01,9.716155287914812408e-03
-1.479758849658396012e-02,1.280383644977177438e-01,5.299904269982160798e-01,9.904021004975539777e-03
-2.465058026401639041e-02,1.270342801895516238e-01,4.953037415105682739e-01,7.564709247515419809e-03
-3.217244191264382464e-02,1.262302756259121583e-01,3.975035387161053313e-01,7.654112123571968004e-03
-3.978128192445121170e-02,1.253990199041692399e-01,2.336636185667496923e-01,7.738666829553048597e-03
-4.747262102859248906e-02,1.245444632448821642e-01,1.936971386047312282e-01,7.815588028107540650e-03
-5.523937134728643811e-02,1.236721068313874489e-01,1.524325044866347012e-01,7.904235747559959155e-03
-6.309261996283026253e-02,1.227757648567685267e-01,3.931851561544304208e-02,7.966534392516953778e-03
-7.100775446717957906e-02,1.218722627786223978e-01,6.983412911968578385e-02,8.021827054407990737e-03
-7.897833141753368702e-02,1.209669383233491491e-01,1.048429396026619165e-01,8.070061736700009924e-03
-8.699785482323062202e-02,1.200651951339495177e-01,1.398272753111363675e-01,8.142594009777744113e-03
-9.508996871477089219e-02,1.191599161855532857e-01,2.439848657942592369e-01,8.175872265224303284e-03
-1.032172040884202779e-01,1.182694486237824416e-01,3.468090805519091213e-01,8.202065189807107234e-03
-1.113729810136730308e-01,1.173992899466664575e-01,3.821809505904155135e-01,8.221227182988429319e-03
-1.195507317322783702e-01,1.165549146872836839e-01,4.176398742160342681e-01,8.244775889259122262e-03
-1.277543354460764780e-01,1.157319836020362924e-01,5.176356525597244351e-01,8.249235182669163377e-03
-1.359660264985929068e-01,1.149458467456248995e-01,6.182309910929413288e-01,8.246950009616468499e-03
-1.441793438685162188e-01,1.142018022294640223e-01,6.558578585894295765e-01,8.238047666482712847e-03
-1.523878747922833565e-01,1.135050602192479857e-01,6.962604249423106628e-01,8.230332910131438889e-03
-1.605922231292098434e-01,1.128515709860052202e-01,7.990924158846191006e-01,8.206927582249001762e-03
-1.687775332900154357e-01,1.122562912940181928e-01,8.989648618799266355e-01,8.179185465380000436e-03
-1.769392952553230924e-01,1.117227029707382191e-01,9.396526840771034506e-01,8.144848847946938031e-03
-1.850707630278895510e-01,1.112560182595941360e-01,9.825549192353280059e-01,8.124423972075281788e-03
-1.931850835311278158e-01,1.108509656102279056e-01,1.091773667444420282e+00,8.078197110468391881e-03
-2.012565723918062210e-01,1.105218210712723276e-01,1.205212575023810739e+00,8.026880866793742811e-03
-2.092795843392547539e-01,1.102726309013266487e-01,1.252833995445724158e+00,7.970744756211548335e-03
-2.172486126863534817e-01,1.101072248197854653e-01,1.301765665028357999e+00,7.910795966616476077e-03
-2.251589334003460119e-01,1.100205124953084063e-01,1.421260760769533338e+00,7.845344496297333714e-03
-2.330042768408872589e-01,1.100245825738457861e-01,1.543945618895642635e+00,7.775762220692278986e-03
-2.407794246989439779e-01,1.101223266176608734e-01,1.597835549927717036e+00,7.702694917438534378e-03
-2.484796671314906391e-01,1.103166857469584372e-01,1.652387441580975613e+00,7.624356955999709619e-03
-2.560987132852555748e-01,1.106012111400271475e-01,1.783996878676831654e+00,7.544475898211468884e-03
-2.636333237864839085e-01,1.109869068406428988e-01,1.919652898923651874e+00,7.462240368194731840e-03
-2.710795348191537002e-01,1.114757550478214787e-01,2.146414740413438160e+00,7.378782921957942678e-03
-2.784343971316006194e-01,1.120694197463897451e-01,2.064033822064185397e+00,9.717626933816132101e-03
-2.881058955955003165e-01,1.130151420563806353e-01,2.100797729103449640e+00,9.559173602470608794e-03
-2.975971289036757339e-01,1.141528108359260857e-01,2.379563878517110265e+00,9.394115902566460563e-03
-3.068963845071419616e-01,1.154844484789258746e-01,2.491273715979484216e+00,9.221187825180212835e-03
-3.159926783431653563e-01,1.169969772740152708e-01,2.675247870195962552e+00,9.058117841161500775e-03
-3.248885906113883060e-01,1.187035070101900291e-01,2.828389543994918043e+00,8.894291031719604723e-03
-3.335775249547131005e-01,1.206037261907896563e-01,2.944921175316239648e+00,8.716143845420401201e-03
-3.420426258903972450e-01,1.226805578360462834e-01,3.140130042177440295e+00,8.558561008650478891e-03
-3.502956959612068544e-01,1.249467883947271429e-01,3.295461304984038886e+00,8.398303724740270593e-03
-3.583277572193669380e-01,1.273998471788067577e-01,3.407307734951657174e+00,8.239896178579769054e-03
-3.661390819829755117e-01,1.300226499680398606e-01,3.612985078357832336e+00,8.085819973428935714e-03
-3.737239266869462062e-01,1.328245449445423776e-01,3.763140569728037566e+00,7.935942479992484644e-03
-3.810804596270516154e-01,1.358012219755441174e-01,3.857211043119661120e+00,7.773292048057577237e-03
-3.881973112596105446e-01,1.389276403903661750e-01,4.059585823086210965e+00,7.632529616973583210e-03
-3.950844502747536402e-01,1.422174465457608505e-01,4.189254922510265544e+00,7.496912753670709716e-03
-4.017415878863633272e-01,1.456650862682727920e-01,4.255115150634620313e+00,7.346816103921734002e-03
-4.081589284015774699e-01,1.492418791860463112e-01,4.443865026226579751e+00,7.221611596531985443e-03
-4.143480399107911105e-01,1.529629775155297577e-01,4.544251461316796359e+00,7.101906670758377504e-03
-4.203099895735722402e-01,1.568220233274664754e-01,4.566891215499260248e+00,6.975900460931368750e-03
-4.260455989035399349e-01,1.607926621746559315e-01,4.734568319666627723e+00,6.866359043903224636e-03
-4.315578380998238983e-01,1.648868172233494134e-01,5.387857570687576647e+00,6.762167387241356520e-03
-4.368489045439043483e-01,1.690976988005724602e-01,4.819065496397396231e+00,9.921630290872804001e-03
-4.443643482294757363e-01,1.755751098449458147e-01,4.489438930983125964e+00,9.714517104407429521e-03
-4.514006155735906800e-01,1.822730785246252094e-01,4.948206178415556877e+00,9.482296288214755314e-03
-4.579587289182718846e-01,1.891218077684926890e-01,4.960753575364256207e+00,9.303717518830061789e-03
-4.640641061678152934e-01,1.961420305791264918e-01,4.945173166343566962e+00,9.105884217081956430e-03
-4.697303176204014052e-01,2.032702263641399942e-01,4.911268606860307528e+00,8.949577786856054498e-03
-4.749730448091622481e-01,2.105234156066191353e-01,4.861072186937429151e+00,8.755485548599083179e-03
-4.798020930262280603e-01,2.178267587115937931e-01,4.788605567092498738e+00,8.616212466333102171e-03
-4.842407755649528189e-01,2.252116903013523519e-01,4.701684034423015746e+00,8.432991947679760111e-03
-4.883027226640473950e-01,2.326019500365571202e-01,1.415460997372017182e+01,8.305453041352783145e-03
-4.920088632440328125e-01,2.400346529247063265e-01,2.332192807133306012e+00,8.771299371014097679e-02
-5.152262377195814258e-01,3.246190651296591567e-01,1.974937578130347093e+00,5.432481417935811248e-03
-5.158158135608401640e-01,3.300194590674772055e-01,1.595777445811781448e+01,5.341294322130736051e-03
-5.163077707680758799e-01,3.353380494015671398e-01,2.573611294986136055e+00,5.196925158693512133e-03
-5.167263062831370934e-01,3.405180937187225476e-01,2.972868742761044736e+00,5.103484043776393246e-03
-5.170635008496682339e-01,3.456104261125654831e-01,2.135533007544199613e+00,9.815092985221082755e-03
-5.175595932050875980e-01,3.554129738774799985e-01,1.587903068195348988e+00,9.319225038359555541e-03
-5.178587903857575503e-01,3.647273947592453713e-01,1.514073818639229518e+00,8.816647406791824557e-03
-5.180220505764001615e-01,3.735425304703867688e-01,1.047355721130894812e+00,8.296565350374277004e-03
-5.181003839313946813e-01,3.818387260140396755e-01,4.722305836092277609e-01,7.765922178179921961e-03
-5.181437911051518519e-01,3.896045268803259853e-01,2.935272228031010622e-01,7.225431383957091856e-03
-5.181983184269576270e-01,3.968297525138580473e-01,1.309610349083928593e+00,6.676230866088699901e-03
-5.183103222768501439e-01,4.035050437970100212e-01,2.656032061037083558e+00,6.117866855730823457e-03
-5.185147832678793645e-01,4.096194931236131209e-01,4.569650522502450407e+00,5.554255106901313452e-03
-5.188465568165683273e-01,4.151638304244029687e-01,7.487431728178891355e+00,4.988396535543881787e-03
-5.193369410424665267e-01,4.201280648373629800e-01,1.199807248082638722e+01,4.423495528711257445e-03
-5.200186305911229656e-01,4.244987183413347909e-01,1.908204298737099691e+01,3.872402000338730828e-03
-5.209108016463296353e-01,4.282669444572252404e-01,3.078870185556253602e+01,3.347757385153520438e-03
-5.220335211784207230e-01,4.314208278352389403e-01,5.196843014199775723e+01,2.873919883736278120e-03
-5.234030258008297576e-01,4.339474604930139146e-01,8.309815308395906186e+01,2.651147747772765982e-03
-5.251644343961969774e-01,4.359288802215638969e-01,1.188857668913110786e+02,2.405098838698199910e-03
-5.272332846020599817e-01,4.371554034580368286e-01,1.394297194286780268e+02,2.422999224087095567e-03
-5.296138021869525314e-01,4.376071348693245655e-01,1.200982268781275053e+02,2.712490508583852676e-03
-5.323044824022075128e-01,4.372638496549722809e-01,8.240163212348282684e+01,3.209479823512335038e-03
-5.352975624361334672e-01,4.361053020089746823e-01,5.112727364002504515e+01,3.862552641507082697e-03
-5.385909006059408366e-01,4.340870759047675276e-01,3.147785966071735331e+01,4.580431549992686202e-03
-5.421526345470070174e-01,4.312070751205270835e-01,2.041399478794086519e+01,5.348770453807607898e-03
-5.459548130423154122e-01,4.274450565058283691e-01,1.416275060920363593e+01,6.147890543295842815e-03
-5.499625765808768829e-01,4.227830408954594277e-01,1.104862238404129471e+01,6.964429523159947066e-03
-5.541339548900043877e-01,4.172060451463842634e-01,6.949263571629012759e+00,9.899641852303228684e-03
-5.595166505375286370e-01,4.088976460003395097e-01,6.110869209316026840e+00,5.453152617507717875e-03
-5.622454260841301954e-01,4.041763477163819451e-01,7.058833390844542421e+00,5.734953265953969884e-03
-5.649665600611877281e-01,3.991280689164760642e-01,5.161409873065117893e+00,6.086224124485887198e-03
-5.676808333719385313e-01,3.936806067102721629e-01,4.769978129911429221e+00,6.362331946316279394e-03
-5.703563875683068662e-01,3.879082001465058438e-01,4.452748112816682813e+00,6.700264176538375110e-03
-5.729882267041622734e-01,3.817464663971149030e-01,4.207600310721749892e+00,6.966018393676217529e-03
-5.755474225239225472e-01,3.752675830815151437e-01,3.994161882706998679e+00,7.325793037517062088e-03
-5.780350459166931909e-01,3.683770842980979565e-01,3.793675846257703377e+00,7.578172629625141293e-03
-5.804128500471040786e-01,3.611816171192553937e-01,3.638596152369852454e+00,7.873733210676530855e-03
-5.826659594126506470e-01,3.536371374910903809e-01,3.513530681154744872e+00,8.105203963695562647e-03
-5.847723049848609911e-01,3.458104115074152052e-01,3.407999996984579560e+00,8.369638692838340943e-03
-5.867137786241739539e-01,3.376690644470995983e-01,3.317362488588910807e+00,8.574644520166187223e-03
-5.884731226570597551e-01,3.292768515553072817e-01,3.243027178515385689e+00,8.802253444445642949e-03
-5.900302332998766941e-01,3.206134185090904754e-01,3.186104296631588895e+00,8.975396197913949187e-03
-5.913727239609019026e-01,3.117389914439449017e-01,3.135829761739407751e+00,9.180165365026284052e-03
-5.924808920654549560e-01,3.026259568461130978e-01,3.082135690175445308e+00,9.316357603155920111e-03
-5.933463610972273816e-01,2.933498864310653542e-01,3.040557866392157305e+00,9.454690111292667759e-03
-5.939508417955754460e-01,2.839145396867268079e-01,3.007397167799820803e+00,9.549287719345943976e-03
-5.942930522830128792e-01,2.743713857044660642e-01,2.979833518112336321e+00,9.636693609323173509e-03
-5.943583421672667955e-01,2.647349132715171582e-01,2.954477555950480117e+00,9.686329410659506867e-03
-5.941513951523772485e-01,2.550507948095798172e-01,2.932631594502156602e+00,9.720418357564783104e-03
-5.936628666150595146e-01,2.453426604412107526e-01,2.915346257641360239e+00,9.723086954157505318e-03
-5.929032014098895020e-01,2.356492952518576822e-01,2.894220266946675224e+00,9.719246439542790147e-03
-5.918665245036566214e-01,2.259854941185225896e-01,2.862048480750498225e+00,9.673752408679988160e-03
-5.905718600414663344e-01,2.163987673781391230e-01,2.829049558092932681e+00,9.599672644638491958e-03
-5.890239613783095907e-01,2.069247120366911885e-01,2.790585522107911665e+00,9.507027232133879319e-03
-5.872446617783414480e-01,1.975856724861759228e-01,2.743615877431791361e+00,9.379999554910064055e-03
-5.852468265849058993e-01,1.884209004655535147e-01,2.685244590501457917e+00,9.242136431146578263e-03
-5.830564070250574549e-01,1.794420838417572495e-01,2.611525088669694128e+00,9.070641882699887956e-03
-5.806922528316201815e-01,1.706849542256191898e-01,2.525403696139302490e+00,8.890249401593630987e-03
-5.781848294802742760e-01,1.621556305384994900e-01,2.408087658390849484e+00,8.707812163294538152e-03
-5.755470299256344457e-01,1.538569555731353067e-01,2.255748917789473840e+00,8.484923860481444896e-03
-5.728246642374525965e-01,1.458206219577372065e-01,2.079194879195318979e+00,8.226722590788498532e-03
-5.700449278238173267e-01,1.380777523310096622e-01,1.852265587369304578e+00,7.970765127438399558e-03
-5.672431036654296266e-01,1.306156562379361397e-01,1.569606761756026092e+00,7.677026067770462842e-03
-5.644520838889303116e-01,1.234639475013881438e-01,1.229685828625584065e+00,7.391166082385833627e-03
-5.617047882187073959e-01,1.166023367169013725e-01,8.066134278085403952e-01,7.069995462290133183e-03
-5.590339358637224088e-01,1.100562399001200758e-01,2.944149527467032068e-01,6.760344942601107139e-03
-5.564717143513695508e-01,1.038002599877011906e-01,3.404893286982824119e-01,6.427185368082884674e-03
-5.540432071600024377e-01,9.784954031885634285e-02,1.161860289684590430e+00,6.100951313808561025e-03
-5.517835197657031676e-01,9.218249348531884491e-02,2.198366190253706165e+00,5.748720286378484860e-03
-5.497189839396572353e-01,8.681728363350574296e-02,4.854662527341840672e+00,5.416057894929992254e-03
-5.478767778425375212e-01,8.172415494703330618e-02,6.250383893237189348e+00,9.801964353115370093e-03
-5.449422685789300225e-01,7.237176698664873897e-02,9.159127791573640209e+00,8.499895708969503264e-03
-5.431346253143408687e-01,6.406630776446579911e-02,1.718129471266267672e+01,7.347526494781774636e-03
-5.425529293741708781e-01,5.674184359125081234e-02,2.761280458051063036e+01,6.425409892919558587e-03
-5.432736047764932241e-01,5.035697716692241754e-02,3.917656145331800133e+01,5.853193557569147561e-03
-5.453214510898857226e-01,4.487371168920809006e-02,4.607881217777897831e+01,5.704125802062425150e-03
-5.486846342007617450e-01,4.026653787780563876e-02,4.384211461050715286e+01,5.968499669678445016e-03
-5.533214432594371068e-01,3.650848119112064250e-02,3.528661006536548683e+01,6.515491916118471873e-03
-5.591607340466109299e-01,3.361809747752272926e-02,2.599345819798595869e+01,7.231959859129414789e-03
-5.661065071074715682e-01,3.160377873633955087e-02,1.745271295377954246e+01,8.018708435940442858e-03
-5.740463594887020848e-01,3.048198145300778233e-02,1.457290407294758694e+01,5.751888509535500738e-03
-5.797927333413505080e-01,3.023017007176173609e-02,1.337162080772839268e+01,6.153377103174656991e-03
-5.859437553425176359e-01,3.040039966681523653e-02,1.012038558388555565e+01,6.424575230240414485e-03
-5.923426397397819620e-01,3.097437297583389981e-02,8.907159349989900221e+00,6.806359748385152134e-03
-5.990728509672147428e-01,3.198965119315924643e-02,7.988585829616539513e+00,7.038039660954380043e-03
-6.059655716175231799e-01,3.341246681929584128e-02,7.259676745198772707e+00,7.393837576683923163e-03
-6.131160779235240721e-01,3.529371472380621322e-02,6.697271030484435173e+00,7.570185516986129362e-03
-6.203347925884077352e-01,3.757359791129194493e-02,6.275481687526422547e+00,7.899380227760205778e-03
-6.277398649399875685e-01,4.032407267950866014e-02,5.927511279039269887e+00,8.049517652275342203e-03
-6.351481414976032358e-01,4.347243302740000370e-02,5.622119430068053703e+00,8.355707844187166763e-03
-6.426757395035869180e-01,4.709915631953595638e-02,5.361705178547519601e+00,8.471131084982133977e-03
-6.501375914641034370e-01,5.110924698912017172e-02,5.120992854904472757e+00,8.758234391929213200e-03
-6.576573190738346231e-01,5.559927664820018406e-02,4.902707530496817512e+00,8.845811497667360745e-03
-6.650546395217902251e-01,6.044984684586993812e-02,4.718458095723822687e+00,9.118848339626168045e-03
-6.724563525205788928e-01,6.577601242015185257e-02,4.548408318611398826e+00,9.174465361482713258e-03
-6.796784543561869008e-01,7.143393251018083367e-02,4.373910622704464402e+00,9.434917295804881587e-03
-6.868575260247294922e-01,7.755590885418994773e-02,4.206276980155791989e+00,9.464886994477042861e-03
-6.938145951819360002e-01,8.397332847270225220e-02,4.033237992242416858e+00,9.714324290705981732e-03
-7.006888588782774763e-01,9.083718999943499184e-02,3.872263671756456471e+00,9.693616861110868760e-03
-7.072925604183570858e-01,9.793348014426159209e-02,3.429377353923550587e+00,9.931526711060437509e-03
-7.137816614324641318e-01,1.054519102224908134e-01,3.591290440339240941e+00,6.581284009887917487e-03
-7.179359479923169696e-01,1.105563399063470287e-01,3.980418790123051664e+00,6.682162549495128390e-03
-7.220301795271601986e-01,1.158373023637945809e-01,3.392848442229011496e+00,6.782719601546601147e-03
-7.260597715864002266e-01,1.212932782645216173e-01,3.270169745290929075e+00,6.701562031015387624e-03
-7.299251970540794332e-01,1.267677115328484927e-01,3.254301207773618643e+00,6.797061027411084762e-03
-7.337215869220113929e-01,1.324057486541358464e-01,3.111959013226591075e+00,6.892032579330330429e-03
-7.374450747895558989e-01,1.382053823645351120e-01,2.990206757213603517e+00,6.773797983742891639e-03
-7.409922531204635732e-01,1.439761591764815163e-01,2.992099941898287430e+00,6.863000841208871834e-03
-7.444645361804556050e-01,1.498959590800024166e-01,2.878089349434569399e+00,6.951457623876120331e-03
-7.478587371837940312e-01,1.559624376834000958e-01,2.770682752262744852e+00,6.838201587560201362e-03
-7.510872435051637597e-01,1.619905176335157682e-01,2.767462125397416539e+00,6.920998464505791724e-03
-7.542367763173346562e-01,1.681533629837375643e-01,2.655967692114704182e+00,7.002832320195319545e-03
-7.573046120570939843e-01,1.744484439505423201e-01,2.555067011370528274e+00,6.873543676269523207e-03
-7.602102176740502815e-01,1.806776540664636610e-01,2.557118210624679921e+00,6.949542662377305308e-03
-7.630347287097203335e-01,1.870273218235656287e-01,2.498029082879928975e+00,7.024489253566803919e-03
-7.657761979737933711e-01,1.934947630136823471e-01,2.323932236487879610e+00,7.668909466814997043e-03
-7.686552969476396768e-01,2.006027135979929765e-01,2.292970330582453364e+00,7.754898064789204903e-03
-7.714330530842764544e-01,2.078430530127337028e-01,2.336840813311623855e+00,7.839140299363002787e-03
-7.741071611400283103e-01,2.152119923352726061e-01,2.179967640504004933e+00,7.921526063889901964e-03
-7.766754600138384701e-01,2.227056173643004455e-01,2.079356705007751493e+00,7.605957181003177719e-03
-7.790329123724137883e-01,2.299370074807511877e-01,2.122579116396698051e+00,7.678647273851023705e-03
-7.812915919176398605e-01,2.372759440977412204e-01,2.115250705652271801e+00,7.749461588084676465e-03
-7.834499573910337356e-01,2.447187670425962913e-01,1.956010884479252310e+00,7.818347218315552932e-03
-7.855065376308497660e-01,2.522617791029963530e-01,1.853000355800968890e+00,7.432433505725424654e-03
-7.873693821974554474e-01,2.594569773586177797e-01,1.921639049160041690e+00,7.492092999378423442e-03
-7.891397739617821427e-01,2.667368929152804657e-01,1.938271086730220638e+00,7.549946139658389975e-03
-7.908167048061174320e-01,2.740982507828929049e-01,1.927700241740406994e+00,7.605941754838320065e-03
-7.923992544233250390e-01,2.815377323970290058e-01,1.714093942657026970e+00,9.638577593424528869e-03
-7.942767892222134529e-01,2.909916755480865813e-01,1.667568319107067154e+00,9.723327228133555808e-03
-7.960025983652073700e-01,3.005606188119648858e-01,1.671257855865352360e+00,9.804081272545303247e-03
-7.975752940595212115e-01,3.102377381070733353e-01,1.579019151939297982e+00,9.214988341087419071e-03
-7.989305795543205635e-01,3.193525179373250533e-01,1.649120664323933561e+00,9.281813443170448125e-03
-8.001509113950751040e-01,3.285537597552679046e-01,1.561697559931628732e+00,9.345181293661363603e-03
-8.012355314100944037e-01,3.378357860876167740e-01,1.470915779641365218e+00,8.766533644769453071e-03
-8.021502222965198881e-01,3.465544702043378833e-01,1.551130217529955058e+00,8.818881841673276850e-03
-8.029460066012843455e-01,3.553373742956783543e-01,1.448460651226215701e+00,8.868333610066062717e-03
-8.036224914504315198e-01,3.641798688118373373e-01,1.335273029802075184e+00,8.211125739523801245e-03
-8.041713105158962982e-01,3.723726329085053632e-01,1.451558511060842882e+00,8.251843441470339477e-03
-8.046183938851617645e-01,3.806123560011501206e-01,1.370362312394578730e+00,8.290236790548567020e-03
-8.049634701072285736e-01,3.888954078810026860e-01,1.245345956219864325e+00,7.636827223348325623e-03
-8.052212912904909148e-01,3.965278818099942093e-01,1.379277668178193084e+00,7.668604358860723995e-03
-8.053930598339278379e-01,4.041945622115906689e-01,1.265392801728914218e+00,7.698571394512680743e-03
-8.054787136355563426e-01,4.118926571020603555e-01,1.087425993883496700e+00,6.950150517225024520e-03
-8.055194239267399192e-01,4.188426883886284258e-01,1.279709690380382403e+00,6.975155723000983111e-03
-8.054901736954476199e-01,4.258177827811139293e-01,1.305686115900982047e+00,6.998819774706786442e-03
-8.053909515102697370e-01,4.328158991846038917e-01,1.052713075754131200e+00,9.436655606134870117e-03
-8.052038393609435296e-01,4.422506995572864641e-01,8.014412349888050402e-01,9.481026820041864311e-03
-8.048897797757040840e-01,4.517265233282982684e-01,6.294277177828961900e-01,7.700696288584899830e-03
-8.046440910587117079e-01,4.594232993016112432e-01,1.002201784606720603e+00,7.736884640967071382e-03
-8.043139359389046561e-01,4.671531363985038654e-01,1.381907122152232326e+00,7.771221379730337483e-03
-8.038991403751956089e-01,4.749132798490532936e-01,3.873885086827082991e-01,7.803717861350155209e-03
-8.033995798200613825e-01,4.827009914327798912e-01,7.058968856566282257e-01,7.119581567028644351e-03
-8.030923934235000283e-01,4.898139428741536960e-01,2.909564629422529136e-01,7.167119154657151242e-03
-8.027111261955732768e-01,4.969709137611953986e-01,1.339292447923224216e+00,7.212939734559957808e-03
-8.022553018307592154e-01,5.041694360930935037e-01,5.312632148353119810e+00,5.631028909707013440e-03
-8.023396438543192177e-01,5.097998333264170956e-01,1.145301796374865511e+01,5.705900537029294159e-03
-8.023681178178643236e-01,5.155056628166727606e-01,1.553239652229557350e+02,1.794211489907472212e-03
-8.030844877632840051e-01,5.171506579448769125e-01,9.513214756620473054e+02,1.527044913467715936e-03
-8.042551303937262031e-01,5.161701162580838442e-01,2.493996606803972895e+02,4.268609600424235102e-03
-8.059211413542251012e-01,5.122400481415836371e-01,2.165489289446941612e+01,7.024018552524570295e-03
-8.079991618604318582e-01,5.055304529673578795e-01,7.693674498753545699e+00,5.042590333544021836e-03
-8.092427978340323014e-01,5.006436250762695828e-01,5.289941404842108064e+00,5.062328798488197924e-03
-8.104552603101730091e-01,4.957286370185065016e-01,3.233632503750041742e+00,6.481923841404048543e-03
-8.118238432848560171e-01,4.893928405155267836e-01,2.708415321824989341e+00,6.510617393134806620e-03
-8.131406831594398810e-01,4.830167859686698151e-01,2.346427779708402106e+00,8.056963737592700778e-03
-8.145794048482749572e-01,4.750893182411442539e-01,2.041128447602897911e+00,8.094541587075001696e-03
-8.159370252305256921e-01,4.671094391441538707e-01,1.852352987103414117e+00,9.509920860781733917e-03
-8.173378913317025374e-01,4.577032619746069786e-01,1.561751131476226462e+00,9.553238896880872008e-03
-8.186235660009033577e-01,4.482369314254526227e-01,1.695841914150077789e+00,7.244946984236395882e-03
-8.194750652801952029e-01,4.410421968381477154e-01,1.831511674074300711e+00,7.265528340734805218e-03
-8.202585183026257498e-01,4.338190324739881198e-01,1.567080554351315547e+00,7.876132951366417168e-03
-8.210017439403632933e-01,4.259780449138009795e-01,1.540654793980614778e+00,7.896196421748971975e-03
-8.216633186503863318e-01,4.181096119799888600e-01,1.521244135789611596e+00,8.491946944390529536e-03
-8.222574577576786670e-01,4.096384750062686542e-01,1.517949336645609382e+00,8.510181328775217463e-03
-8.227550449559893897e-01,4.011428530026298622e-01,1.511267407986741862e+00,9.166441554881891302e-03
-8.231566382281194638e-01,3.919852128250052026e-01,1.489658873267852623e+00,9.181383668495144215e-03
-8.234436882243229006e-01,3.828083174693966972e-01,1.481461171033386481e+00,9.733616211937145407e-03
-8.236022098177150363e-01,3.730759921837460968e-01,1.349028754875814196e+00,9.743233719861056630e-03
-8.236291062574824240e-01,3.633327955881022753e-01,1.498852951482354090e+00,6.844138982993070233e-03
-8.235571657532004819e-01,3.564890347081204891e-01,1.630553126918777851e+00,6.845729633770811923e-03
-8.234190888756613980e-01,3.496446977062935835e-01,1.502665058286423383e+00,6.846185919946252280e-03
-8.232143890086511817e-01,3.428015727173052696e-01,1.549204341312745647e+00,7.223036774673641594e-03
-8.229138911218318864e-01,3.355847894125146280e-01,1.481864588686470086e+00,7.220435495536197887e-03
-8.225381992544539278e-01,3.283741344931619399e-01,1.517092593355727104e+00,7.216482290531373023e-03
-8.220868354140676848e-01,3.211717815905928974e-01,1.554957943029571021e+00,7.519131252355311205e-03
-8.215261431636117218e-01,3.136735845412733092e-01,1.513481317235420009e+00,7.511412978262055860e-03
-8.208822009275379417e-01,3.061898245687325049e-01,1.555786421097539396e+00,7.502146431576208266e-03
-8.201545662114297919e-01,2.987230482361559192e-01,1.591609161272059980e+00,7.778547526875837469e-03
-8.193021179377056873e-01,2.909913515550586194e-01,1.562365708066902226e+00,7.764820143074829296e-03
-8.183586054054250436e-01,2.832840682492672735e-01,1.616013895132176748e+00,7.749374215556819635e-03
-8.173236681760239764e-01,2.756041134535711090e-01,1.653285064498430268e+00,8.060004712143343381e-03
-8.161388343078693763e-01,2.676316706243846433e-01,1.626731536088226848e+00,8.039092002068943393e-03
-8.148540363392826613e-01,2.596959101442766205e-01,1.671757180965762313e+00,8.016298080914821544e-03
-8.134690366709315112e-01,2.518001637678568549e-01,1.707858734007415391e+00,8.232236479441120899e-03
-8.119314878881052078e-01,2.437127871107528654e-01,1.701553015925959755e+00,8.203834476615070453e-03
-8.102873079527069811e-01,2.356754011887175204e-01,1.752275803493428707e+00,8.173484623452034747e-03
-8.085364405097726914e-01,2.276916480558182077e-01,1.790353900890237604e+00,8.356607550139852347e-03
-8.066233824257724727e-01,2.195569631501629315e-01,1.794490455536911000e+00,8.320423873006660420e-03
-8.045980362495490645e-01,2.114868066279536885e-01,1.913485097502376941e+00,8.282311805276663594e-03
-8.024605789981831272e-01,2.034850589851941172e-01,1.896472028597559145e+00,9.502327524482183027e-03
-7.998513035955601147e-01,1.943479965329724946e-01,1.872700989955631945e+00,9.446208615525589908e-03
-7.970938268088345602e-01,1.853132204439540409e-01,1.968153783563668435e+00,9.527516090613001240e-03
-7.941417316110765956e-01,1.762545948969814757e-01,2.015757626037651740e+00,9.464437178824882876e-03
-7.910385539165863955e-01,1.673133500558902087e-01,2.066874435650118969e+00,9.525486219882875472e-03
-7.877383950022177617e-01,1.583778120829927860e-01,2.118487735836003694e+00,9.456005750733197796e-03
-7.842853789921483409e-01,1.495748168431835778e-01,2.174238588423497820e+00,9.492328527458671755e-03
-7.806371740817539262e-01,1.408115468025549211e-01,2.236870220238475149e+00,9.417306832104684056e-03
-7.768356809633398807e-01,1.321956128403743713e-01,2.299080823707351229e+00,9.468322896449735127e-03
-7.728254719441352005e-01,1.236184710032748046e-01,2.353413897842194569e+00,9.388140968505671174e-03
-7.686617278317221524e-01,1.152041721132376628e-01,2.416052553195899399e+00,9.380024144491357074e-03
-7.643120409027527318e-01,1.068936320242185739e-01,2.479851949436176373e+00,9.296599834367666113e-03
-7.598112245666288622e-01,9.875917317381890936e-02,2.546900862425666379e+00,9.269538181055024181e-03
-7.551333123410397530e-01,9.075658138742115355e-02,2.612931767061036581e+00,9.184266778606304388e-03
-7.503080678293788663e-01,8.294199427975526562e-02,2.681535614255855737e+00,9.140075697300872534e-03
-7.453170129635305896e-01,7.528494817316283561e-02,2.755779114160293197e+00,9.054421591827087334e-03
-7.401838098793956933e-01,6.782620991126005194e-02,2.825205613632690405e+00,9.042955991300928587e-03
-7.348687109608864620e-01,6.051014699825367493e-02,2.882814820608953887e+00,8.957446462247463381e-03
-7.294164188730947185e-01,5.340322374599935223e-02,2.948226233704158261e+00,8.882688719374249101e-03
-7.238273587274708376e-01,4.649927085117907394e-02,3.008413829589010380e+00,8.799714122492252599e-03
-7.181090488818024919e-01,3.981078065184992520e-02,3.069951801475207631e+00,8.713123472049463455e-03
-7.122726206984270059e-01,3.334126546912721811e-02,3.127312186403112371e+00,8.634427538444159125e-03
-7.063152676814365982e-01,2.709120275363402497e-02,3.181259667391119539e+00,8.538493803564596238e-03
-7.002591983226823524e-01,2.107207488030644893e-02,3.234918412426444956e+00,8.464046834960185436e-03
-6.940925649568600031e-01,1.527442692997986462e-02,3.283387559799294753e+00,8.383119985680831734e-03
-6.878298020267932245e-01,9.701770366355763620e-03,3.312176514257261672e+00,8.313823353350560316e-03
-6.814663320593344897e-01,4.351451803506642402e-03,3.341587054339050233e+00,8.200765236665179259e-03
-6.750482766665760748e-01,-7.535570547012176990e-04,3.365483409294419026e+00,8.137360012345067409e-03
-6.685406895966730101e-01,-5.639039476954210706e-03,3.385679466840971763e+00,8.017819557191654609e-03
-6.620016732863968079e-01,-1.027872655106026184e-02,3.395936943593184321e+00,7.960449423163729402e-03
-6.553844616869739514e-01,-1.470379894224341233e-02,3.401822174823470046e+00,7.834723220577962180e-03
-6.487594346589176109e-01,-1.888613140399086204e-02,3.406984527596729428e+00,7.783187382684340384e-03
-6.420675869349599107e-01,-2.286069803110115164e-02,3.404150583934169916e+00,7.669876827872357423e-03
-6.353744201654663026e-01,-2.660616584573790785e-02,3.376372677976480219e+00,7.623524298785308573e-03
-6.286253966662909143e-01,-3.015141683004754145e-02,3.349230450040833418e+00,7.482656044258109186e-03
-6.219176823801660925e-01,-3.346754567742205033e-02,3.321357602433510969e+00,7.441236191063530826e-03
-6.151648819558317438e-01,-3.659351472402240513e-02,3.288080177062262077e+00,7.297203417976549575e-03
-6.084728723303720610e-01,-3.950318564976015856e-02,3.244385466656757533e+00,7.259774917090041149e-03
-6.017462216553363108e-01,-4.223384537642893566e-02,3.197489292199148014e+00,7.107582734004633425e-03
-5.951033052483850616e-01,-4.476157042693951205e-02,3.157445814801370876e+00,7.073496526403467988e-03
-5.884354209405063818e-01,-4.712243297393101105e-02,3.109853517091172748e+00,6.942482409422584197e-03
-5.818440874901669169e-01,-4.930242961419861736e-02,3.036845364552831938e+00,6.910764968890675819e-03
-5.752364992362072327e-01,-5.132689248651328695e-02,2.967402014949028555e+00,6.742839216550387468e-03
-5.687529473964241244e-01,-5.317876619740583011e-02,2.899247387225723394e+00,6.713093443968993351e-03
-5.622611334330828159e-01,-5.488814475490159245e-02,2.829470840492602335e+00,6.537708114167854571e-03
-5.559108599304048992e-01,-5.644238213292431666e-02,2.755590921741242205e+00,6.509365951568903130e-03
-5.495593413216159906e-01,-5.786718262901235921e-02,2.680383192489500743e+00,6.326498030959508238e-03
-5.433652254044687435e-01,-5.915462402211639492e-02,2.616035146088686592e+00,6.299109170498894301e-03
-5.371758907298394004e-01,-6.032548380334305793e-02,2.549219404934583100e+00,6.121066253977958116e-03
-5.311457719137288036e-01,-6.137673027738075465e-02,2.453161696217140531e+00,6.094220618121935600e-03
-5.251255323207884018e-01,-6.232342990552861006e-02,2.355903130431514114e+00,5.896448903658457405e-03
-5.192898226638720249e-01,-6.316758775429148765e-02,2.269204333674578855e+00,5.869816641335497652e-03
-5.134683409365289330e-01,-6.391931769323873358e-02,2.183173870999937982e+00,5.665698122392002177e-03
-5.078419275441745651e-01,-6.458535639512599791e-02,2.091270053488612835e+00,5.639516203486932833e-03
-5.022328131965648756e-01,-6.517014631025004612e-02,1.995309661966745862e+00,5.428981283840184253e-03
-4.968283646696693423e-01,-6.568567894784316241e-02,1.918250837047279500e+00,5.403192145458521334e-03
-4.914435228792974897e-01,-6.613061068801183440e-02,1.841606037047371025e+00,5.197574566265850127e-03
-4.862605636674904308e-01,-6.652011701740584426e-02,2.131549696852215181e+00,5.171704151101114318e-03
-4.810992788577812540e-01,-6.684823733006844959e-02,1.494689568081120967e+00,9.875155313998240647e-03
-4.712380613550175568e-01,-6.737271977855895100e-02,1.116397486657151550e+00,9.373064711897360901e-03
-4.618725198553462197e-01,-6.774818550449079879e-02,9.954079289621783344e-01,8.865179054943226125e-03
-4.530113468498107587e-01,-6.801466747794066015e-02,9.350222650212021147e-01,5.556507019657885155e-03
-4.474567631850551730e-01,-6.816085424457074549e-02,8.294503981156425843e-01,5.511266905700662813e-03
-4.419463012820487036e-01,-6.825504830694029135e-02,3.237168021036157528e-01,5.090021163199336986e-03
-4.368575094795328351e-01,-6.836691176149284344e-02,4.481226365585088550e-02,5.044781718681580311e-03
-4.318132629499624175e-01,-6.844039331061015086e-02,5.294998644755827266e-01,9.185302561745002300e-03
-4.226300656208810680e-01,-6.863704011570109786e-02,1.191351581739049648e+00,8.258553461833384110e-03
-4.143754119295203209e-01,-6.889080716963945361e-02,2.490550262377126067e+00,7.303729730590733868e-03
-4.070808028394365952e-01,-6.925569920899200815e-02,4.586673106772924946e+00,6.342728570633399642e-03
-4.007590752866486139e-01,-6.977141857943536252e-02,8.123355856906593786e+00,5.406786144067919284e-03
-3.953958004162385076e-01,-7.045597615342917563e-02,1.519039734805401665e+01,4.463435097093002880e-03
-3.910214485335708479e-01,-7.134327456578182236e-02,3.006323580465803147e+01,3.541929807260923557e-03
-3.876572600413306646e-01,-7.245120170609481436e-02,6.483680781036402152e+01,2.726706261198918579e-03
-3.852754533180418051e-01,-7.377857647147095799e-02,1.485735279248208087e+02,2.063147779687448703e-03
-3.839299803491610374e-01,-7.534263569376416225e-02,2.610528446985739492e+02,1.824865917874567969e-03
-3.836340655032703384e-01,-7.714334944730792676e-02,2.463966243116807675e+02,2.139020047647238309e-03
-3.843517662603919138e-01,-7.915837113142547288e-02,1.335510847036378266e+02,2.856114487549373145e-03
-3.861316433156554151e-01,-8.139207380504520639e-02,5.972312537041975844e+01,3.746874820504696602e-03
-3.889786005312653172e-01,-8.382803471052353850e-02,2.881885319533084200e+01,4.648472401496447047e-03
-3.928334881605149986e-01,-8.642575236903300706e-02,1.622728091356223246e+01,5.626965087150911753e-03
-3.977427456402004013e-01,-8.917564820163616235e-02,1.014129081409234523e+01,6.608656399832313171e-03
-4.036959676785476514e-01,-9.204505350120281704e-02,6.948280850068689674e+00,7.514639892723711835e-03
-4.106131972216676695e-01,-9.498133485098901596e-02,5.246564441209353724e+00,8.457464025777851682e-03
-4.185298474824175052e-01,-9.795712825717434180e-02,4.042260372336580865e+00,9.370116838446811494e-03
-4.274176030004027127e-01,-1.009247689730744246e-01,3.515687607108093360e+00,7.693508255039597891e-03
-4.347924195711743711e-01,-1.031161497747230538e-01,3.350154970338788285e+00,7.851139361078795370e-03
-4.423564618365014023e-01,-1.052198735863074247e-01,2.979066364852929194e+00,8.601727959217785047e-03
-4.507109026492962522e-01,-1.072675656016985751e-01,2.787828613878399420e+00,8.741944548621040714e-03
-4.592389210953558565e-01,-1.091896727461710848e-01,2.670075183397157659e+00,9.347328041733594245e-03
-4.684130650277188446e-01,-1.109806570085437455e-01,2.377230322089683323e+00,9.466097187866317694e-03
-4.777384648491401209e-01,-1.126066687369044750e-01,2.654805863024265022e+00,6.703619711061077277e-03
-4.843697207315952880e-01,-1.135889938622730300e-01,2.758374208711563469e+00,6.747964409114748548e-03
-4.910586046042645370e-01,-1.144799799478122965e-01,2.466084268251628409e+00,6.789991326914477689e-03
-4.978017996617218333e-01,-1.152757830871987410e-01,2.692668940296525815e+00,7.077441505207859342e-03
-5.048468906626135677e-01,-1.159517054561089444e-01,2.468401351114281717e+00,7.112040748026292845e-03
-5.119364347523659431e-01,-1.165169383293953032e-01,2.533910101636033918e+00,7.144570345947596351e-03
-5.190667882862339821e-01,-1.169674312929911003e-01,2.740277285835175825e+00,7.436259532988781333e-03
-5.264970163478079890e-01,-1.172668754363045129e-01,2.560264271016607918e+00,7.462234745456182775e-03
-5.339573692582342268e-01,-1.174344518313852892e-01,2.611790482034669125e+00,7.486573315893024251e-03
-5.414438765500116935e-01,-1.174658935934907306e-01,2.795440119452164307e+00,7.674182779299099956e-03
-5.491166314779998281e-01,-1.173178627010234842e-01,2.676851396377846193e+00,7.693152938639067490e-03
-5.568039886287707851e-01,-1.170192958345068757e-01,2.754074021659717264e+00,7.711148394676392397e-03
-5.645018045151145580e-01,-1.165660407797377701e-01,2.925232177068430861e+00,7.923274937381286423e-03
-5.723972536951484891e-01,-1.159025892149374709e-01,2.821388378402642783e+00,7.937847249085595511e-03
-5.802911565799336868e-01,-1.150684931800615846e-01,2.880549284587761161e+00,7.952263164967882450e-03
-5.881791775582182469e-01,-1.140597243804609556e-01,3.035484339692394062e+00,8.063265303765361838e-03
-5.961478869653011881e-01,-1.128284982662259850e-01,2.966313268956944249e+00,8.076501593467528411e-03
-6.040990488225529420e-01,-1.114111404747462342e-01,3.036296850465386221e+00,8.090412611768238449e-03
-6.120281907410887179e-01,-1.098038182717087224e-01,3.176745142703258029e+00,8.241447362756740280e-03
-6.200570205681542602e-01,-1.079438864877142884e-01,3.105557452447533784e+00,8.256381626682979952e-03
-6.280515412444566126e-01,-1.058810058024582390e-01,2.282054176001350854e+00,0.000000000000000000e+00
-6.360075249818852861e-01,-1.036120233421139458e-01,1.526762981764339777e+00,8.273207276236923396e-03
